sample,timestamp,wall_time,phase,agg_nodes,bw_mbps,iops,lat_mean_us,lat_p50_us,lat_p95_us,lat_p99_us,lat_max_us
1,2026-09-13T18:54:51-05:00,0,quiet_0,0,3567.3,28538,2142.5,2113.5,2539.5,2768.9,5632.1
2,2026-09-13T18:55:12-05:00,21,quiet_0,0,3824.3,30595,2090.0,2056.2,2474.0,2736.1,3915.2
3,2026-09-13T18:55:32-05:00,41,quiet_0,0,3820.4,30564,2092.3,2056.2,2441.2,2703.4,3933.2
4,2026-09-13T18:55:53-05:00,62,quiet_0,0,3809.0,30472,2098.6,2056.2,2474.0,2736.1,12314.8
5,2026-09-13T18:56:13-05:00,82,quiet_0,0,3822.8,30583,2091.0,2056.2,2474.0,2736.1,4528.6
6,2026-09-13T18:56:34-05:00,103,quiet_0,0,3841.8,30734,2080.8,2039.8,2474.0,2768.9,4091.7
7,2026-09-13T18:56:54-05:00,123,quiet_0,0,3835.7,30686,2083.8,2056.2,2441.2,2736.1,13924.9
8,2026-09-13T18:57:14-05:00,143,quiet_0,0,3825.4,30603,2089.4,2056.2,2474.0,2736.1,4247.7
9,2026-09-13T18:57:35-05:00,164,quiet_0,0,3838.4,30707,2081.1,2039.8,2474.0,2768.9,4025.7
10,2026-09-13T18:57:55-05:00,184,quiet_0,0,3788.5,30308,2109.9,2072.6,2506.8,2801.7,7749.1
11,2026-09-13T18:58:16-05:00,205,quiet_0,0,3814.1,30513,2095.6,2056.2,2474.0,2768.9,4136.7
12,2026-09-13T18:58:36-05:00,225,quiet_0,0,3818.6,30549,2093.1,2056.2,2474.0,2768.9,4472.4
13,2026-09-13T18:58:57-05:00,246,quiet_0,0,3806.8,30454,2099.6,2072.6,2474.0,2768.9,4027.0
14,2026-09-13T18:59:17-05:00,266,quiet_0,0,3800.4,30404,2103.2,2072.6,2474.0,2736.1,3977.7
15,2026-09-13T18:59:37-05:00,286,quiet_0,0,3834.2,30673,2084.8,2039.8,2474.0,2768.9,3991.3
16,2026-09-13T18:59:58-05:00,307,quiet_1,1,3835.2,30681,2084.3,2039.8,2474.0,2768.9,4208.8
17,2026-09-13T19:00:18-05:00,327,quiet_1,1,3848.4,30787,2077.2,2039.8,2474.0,2703.4,3668.9
18,2026-09-13T19:00:39-05:00,348,quiet_1,1,3819.6,30557,2092.6,2056.2,2474.0,2736.1,4432.6
19,2026-09-13T19:00:59-05:00,368,quiet_1,1,3803.8,30431,2101.3,2072.6,2474.0,2736.1,3758.0
20,2026-09-13T19:01:19-05:00,388,quiet_1,1,3843.3,30746,2079.8,2039.8,2441.2,2703.4,4021.1
21,2026-09-13T19:01:40-05:00,409,quiet_1,1,3834.4,30675,2084.7,2056.2,2474.0,2703.4,3608.0
22,2026-09-13T19:02:00-05:00,429,quiet_1,1,3837.3,30699,2083.2,2039.8,2474.0,2736.1,6974.8
23,2026-09-13T19:02:21-05:00,450,quiet_1,1,3706.6,29653,2156.5,2113.5,2539.5,2801.7,3947.4
24,2026-09-13T19:02:41-05:00,470,quiet_1,1,3798.0,30384,2104.6,2072.6,2474.0,2768.9,4295.6
25,2026-09-13T19:03:02-05:00,491,quiet_1,1,3846.9,30775,2077.8,2039.8,2441.2,2736.1,3774.9
26,2026-09-13T19:03:22-05:00,511,quiet_1,1,3818.0,30544,2093.7,2056.2,2474.0,2768.9,4220.1
27,2026-09-13T19:03:42-05:00,531,quiet_1,1,3855.7,30845,2073.0,2039.8,2441.2,2736.1,3883.0
28,2026-09-13T19:04:03-05:00,552,quiet_1,1,3857.1,30857,2072.3,2039.8,2441.2,2736.1,4168.4
29,2026-09-13T19:04:23-05:00,572,quiet_1,1,3809.2,30474,2098.3,2056.2,2474.0,2768.9,3887.6
30,2026-09-13T19:04:44-05:00,593,quiet_1,1,3813.2,30506,2096.2,2056.2,2474.0,2768.9,3924.4
31,2026-09-13T19:05:04-05:00,613,load_1,1,3820.8,30566,2091.9,2056.2,2474.0,2736.1,4027.5
32,2026-09-13T19:05:25-05:00,634,load_1,1,3831.9,30655,2086.1,2056.2,2474.0,2736.1,4136.5
33,2026-09-13T19:05:45-05:00,654,load_1,1,3827.0,30616,2088.7,2056.2,2474.0,2768.9,4344.7
34,2026-09-13T19:06:05-05:00,674,load_1,1,3811.0,30488,2097.3,2056.2,2474.0,2768.9,4315.0
35,2026-09-13T19:06:26-05:00,695,load_1,1,3823.0,30584,2090.8,2056.2,2474.0,2703.4,3588.6
36,2026-09-13T19:06:46-05:00,715,load_1,1,3811.6,30493,2096.9,2056.2,2474.0,2768.9,8730.8
37,2026-09-13T19:07:07-05:00,736,load_1,1,3739.0,29912,2137.7,2113.5,2539.5,2801.7,4057.9
38,2026-09-13T19:07:27-05:00,756,load_1,1,3783.5,30268,2112.7,2072.6,2506.8,2768.9,4305.5
39,2026-09-13T19:07:48-05:00,777,load_1,1,3778.5,30228,2115.2,2089.0,2474.0,2768.9,4025.7
40,2026-09-13T19:08:08-05:00,797,load_1,1,3720.1,29761,2148.8,2113.5,2539.5,2801.7,4532.4
41,2026-09-13T19:08:28-05:00,817,load_1,1,3809.2,30474,2098.5,2056.2,2474.0,2736.1,3749.7
42,2026-09-13T19:08:49-05:00,838,load_1,1,3808.8,30471,2098.6,2056.2,2474.0,2768.9,3904.0
43,2026-09-13T19:09:09-05:00,858,load_1,1,3788.0,30304,2109.9,2072.6,2506.8,2801.7,3825.1
44,2026-09-13T19:09:30-05:00,879,load_1,1,3798.8,30391,2104.1,2072.6,2474.0,2768.9,4182.9
45,2026-09-13T19:09:50-05:00,899,load_1,1,3819.2,30553,2093.0,2056.2,2474.0,2768.9,4805.1
46,2026-09-13T19:10:10-05:00,919,load_1,1,3765.4,30123,2123.1,2089.0,2506.8,2768.9,4361.5
47,2026-09-13T19:10:31-05:00,940,load_1,1,3778.1,30225,2115.6,2072.6,2506.8,2768.9,3919.5
48,2026-09-13T19:10:51-05:00,960,load_1,1,3780.5,30244,2114.3,2072.6,2506.8,2768.9,3961.1
49,2026-09-13T19:11:12-05:00,981,load_1,1,3749.8,29998,2131.8,2089.0,2506.8,2801.7,3951.5
50,2026-09-13T19:11:32-05:00,1001,load_1,1,3790.2,30321,2108.8,2072.6,2506.8,2768.9,4190.4
51,2026-09-13T19:11:53-05:00,1022,load_1,1,3824.0,30592,2090.3,2056.2,2441.2,2703.4,3904.3
52,2026-09-13T19:12:13-05:00,1042,load_1,1,3778.5,30228,2115.5,2072.6,2506.8,2801.7,3965.5
53,2026-09-13T19:12:33-05:00,1062,load_1,1,3774.6,30197,2117.8,2089.0,2506.8,2768.9,4444.4
54,2026-09-13T19:12:54-05:00,1083,load_1,1,3809.4,30475,2097.8,2056.2,2474.0,2736.1,3986.2
55,2026-09-13T19:13:14-05:00,1103,load_1,1,3808.4,30467,2099.0,2056.2,2506.8,2768.9,3863.4
56,2026-09-13T19:13:35-05:00,1124,load_1,1,3791.2,30329,2108.6,2072.6,2506.8,2768.9,4171.4
57,2026-09-13T19:13:55-05:00,1144,load_1,1,3790.1,30321,2109.0,2072.6,2506.8,2801.7,4094.5
58,2026-09-13T19:14:16-05:00,1165,load_1,1,3813.4,30507,2096.1,2056.2,2474.0,2736.1,4070.8
59,2026-09-13T19:14:36-05:00,1185,load_1,1,3788.0,30304,2110.1,2072.6,2474.0,2736.1,6905.8
60,2026-09-13T19:14:56-05:00,1205,recover_1,1,3813.4,30507,2095.9,2056.2,2474.0,2736.1,6797.5
61,2026-09-13T19:15:17-05:00,1226,recover_1,1,3790.9,30327,2108.4,2072.6,2506.8,2801.7,3876.3
62,2026-09-13T19:15:37-05:00,1246,recover_1,1,3798.6,30389,2104.3,2072.6,2506.8,2768.9,3830.8
63,2026-09-13T19:15:58-05:00,1267,recover_1,1,3774.5,30196,2117.9,2072.6,2506.8,2801.7,3939.9
64,2026-09-13T19:16:18-05:00,1287,recover_1,1,3810.7,30485,2097.4,2056.2,2474.0,2736.1,3834.6
65,2026-09-13T19:16:39-05:00,1308,recover_1,1,3794.3,30355,2106.7,2072.6,2506.8,2768.9,4212.6
66,2026-09-13T19:16:59-05:00,1328,recover_1,1,3753.6,30029,2129.5,2089.0,2539.5,2834.4,4260.7
67,2026-09-13T19:17:19-05:00,1348,recover_1,1,3807.6,30461,2099.4,2056.2,2474.0,2768.9,4027.1
68,2026-09-13T19:17:40-05:00,1369,recover_1,1,3785.4,30283,2111.7,2072.6,2506.8,2768.9,3624.0
69,2026-09-13T19:18:00-05:00,1389,recover_1,1,3799.4,30395,2103.9,2072.6,2474.0,2736.1,3857.6
70,2026-09-13T19:18:21-05:00,1410,recover_1,1,3828.5,30628,2088.0,2056.2,2474.0,2736.1,6224.7
71,2026-09-13T19:18:41-05:00,1430,recover_1,1,3816.4,30531,2094.6,2056.2,2474.0,2736.1,3936.2
72,2026-09-13T19:19:01-05:00,1450,recover_1,1,3801.4,30411,2102.7,2072.6,2506.8,2768.9,4143.1
73,2026-09-13T19:19:22-05:00,1471,recover_1,1,3789.3,30314,2109.3,2072.6,2506.8,2768.9,3986.9
74,2026-09-13T19:19:42-05:00,1491,recover_1,1,3836.7,30694,2083.2,2039.8,2441.2,2736.1,3839.8
75,2026-09-13T19:20:03-05:00,1512,recover_1,1,3793.0,30344,2107.4,2072.6,2506.8,2801.7,4847.1
76,2026-09-13T19:20:23-05:00,1532,recover_1,1,3806.1,30449,2100.1,2056.2,2474.0,2768.9,4175.4
77,2026-09-13T19:20:44-05:00,1553,recover_1,1,3822.9,30583,2091.0,2056.2,2474.0,2768.9,3959.0
78,2026-09-13T19:21:04-05:00,1573,recover_1,1,3707.0,29656,2156.2,2113.5,2539.5,2834.4,10599.1
79,2026-09-13T19:21:24-05:00,1593,recover_1,1,3701.4,29611,2159.5,2113.5,2539.5,2834.4,4110.4
80,2026-09-13T19:21:45-05:00,1614,recover_1,1,3715.5,29724,2151.3,2113.5,2539.5,2834.4,10129.9
81,2026-09-13T19:22:05-05:00,1634,recover_1,1,3810.1,30481,2097.8,2056.2,2474.0,2768.9,4179.8
82,2026-09-13T19:22:26-05:00,1655,recover_1,1,3790.0,30320,2109.0,2072.6,2474.0,2768.9,4178.6
83,2026-09-13T19:22:46-05:00,1675,recover_1,1,3789.4,30315,2109.6,2072.6,2506.8,2768.9,3902.8
84,2026-09-13T19:23:07-05:00,1696,recover_1,1,3761.2,30090,2125.3,2089.0,2539.5,2801.7,4243.6
85,2026-09-13T19:23:27-05:00,1716,recover_1,1,3735.4,29883,2139.9,2113.5,2539.5,2768.9,3863.5
86,2026-09-13T19:23:47-05:00,1736,recover_1,1,3800.9,30407,2103.0,2072.6,2506.8,2768.9,3903.9
87,2026-09-13T19:24:08-05:00,1757,recover_1,1,3814.1,30513,2095.8,2056.2,2474.0,2736.1,4552.5
88,2026-09-13T19:24:28-05:00,1777,recover_1,1,3802.5,30420,2102.0,2072.6,2474.0,2736.1,4184.7
89,2026-09-13T19:24:49-05:00,1798,recover_1,1,3794.0,30352,2106.8,2072.6,2506.8,2801.7,14696.5
90,2026-09-13T19:25:09-05:00,1818,quiet_2,4,3799.3,30395,2103.9,2056.2,2506.8,2801.7,4031.2
91,2026-09-13T19:25:29-05:00,1838,quiet_2,4,3781.2,30250,2114.0,2072.6,2506.8,2801.7,3720.8
92,2026-09-13T19:25:50-05:00,1859,quiet_2,4,3811.9,30495,2096.9,2056.2,2474.0,2736.1,3928.5
93,2026-09-13T19:26:10-05:00,1879,quiet_2,4,3815.9,30527,2094.7,2056.2,2474.0,2736.1,3893.4
94,2026-09-13T19:26:31-05:00,1900,quiet_2,4,3825.1,30601,2089.7,2056.2,2474.0,2736.1,3863.5
95,2026-09-13T19:26:51-05:00,1920,quiet_2,4,3781.3,30251,2114.0,2072.6,2506.8,2801.7,4345.3
96,2026-09-13T19:27:12-05:00,1941,quiet_2,4,3796.0,30368,2105.8,2072.6,2506.8,2736.1,4158.1
97,2026-09-13T19:27:32-05:00,1961,quiet_2,4,3803.7,30429,2101.5,2072.6,2474.0,2768.9,4289.3
98,2026-09-13T19:27:52-05:00,1981,quiet_2,4,3798.5,30388,2104.5,2056.2,2506.8,2801.7,3900.9
99,2026-09-13T19:28:13-05:00,2002,quiet_2,4,3815.2,30521,2095.1,2056.2,2474.0,2736.1,3866.1
100,2026-09-13T19:28:33-05:00,2022,quiet_2,4,3811.7,30493,2097.2,2056.2,2474.0,2768.9,4194.9
101,2026-09-13T19:28:54-05:00,2043,quiet_2,4,3804.2,30434,2101.2,2056.2,2474.0,2768.9,3804.9
102,2026-09-13T19:29:14-05:00,2063,quiet_2,4,3841.0,30728,2081.2,2039.8,2441.2,2703.4,3879.5
103,2026-09-13T19:29:35-05:00,2084,quiet_2,4,3798.6,30389,2104.3,2072.6,2474.0,2736.1,4168.1
104,2026-09-13T19:29:55-05:00,2104,load_2,4,3800.9,30407,2102.9,2072.6,2474.0,2736.1,3939.7
105,2026-09-13T19:30:15-05:00,2124,load_2,4,3819.3,30554,2092.8,2056.2,2474.0,2768.9,4844.6
106,2026-09-13T19:30:36-05:00,2145,load_2,4,3869.1,30953,2066.0,2023.4,2441.2,2703.4,3922.6
107,2026-09-13T19:30:56-05:00,2165,load_2,4,3822.1,30577,2091.2,2056.2,2474.0,2736.1,3883.7
108,2026-09-13T19:31:17-05:00,2186,load_2,4,3866.5,30932,2067.3,2023.4,2441.2,2703.4,4020.7
109,2026-09-13T19:31:37-05:00,2206,load_2,4,3864.6,30917,2068.4,2023.4,2441.2,2703.4,4113.2
110,2026-09-13T19:31:58-05:00,2227,load_2,4,3910.4,31283,2044.1,2007.0,2408.4,2703.4,3972.7
111,2026-09-13T19:32:18-05:00,2247,load_2,4,3876.3,31010,2062.2,2023.4,2441.2,2703.4,6485.8
112,2026-09-13T19:32:38-05:00,2267,load_2,4,3813.2,30506,2096.1,2056.2,2474.0,2703.4,4358.3
113,2026-09-13T19:32:59-05:00,2288,load_2,4,3875.8,31006,2062.4,2023.4,2441.2,2670.6,4012.7
114,2026-09-13T19:33:19-05:00,2308,load_2,4,3869.3,30954,2065.9,2023.4,2441.2,2703.4,4114.0
115,2026-09-13T19:33:40-05:00,2329,load_2,4,3802.8,30422,2101.8,2072.6,2474.0,2736.1,3861.8
116,2026-09-13T19:34:00-05:00,2349,load_2,4,3825.9,30607,2089.1,2056.2,2474.0,2768.9,3874.0
117,2026-09-13T19:34:20-05:00,2369,load_2,4,3802.2,30417,2102.2,2072.6,2474.0,2768.9,4005.5
118,2026-09-13T19:34:41-05:00,2390,load_2,4,3813.2,30506,2096.0,2056.2,2474.0,2768.9,4091.7
119,2026-09-13T19:35:01-05:00,2410,load_2,4,3804.5,30436,2100.9,2056.2,2474.0,2768.9,3914.9
120,2026-09-13T19:35:22-05:00,2431,load_2,4,3815.1,30521,2095.1,2056.2,2441.2,2703.4,4469.1
121,2026-09-13T19:35:42-05:00,2451,load_2,4,3792.2,30338,2107.9,2072.6,2474.0,2736.1,3881.1
122,2026-09-13T19:36:03-05:00,2472,load_2,4,3794.8,30359,2106.3,2072.6,2506.8,2768.9,3825.9
123,2026-09-13T19:36:23-05:00,2492,load_2,4,3840.0,30720,2081.6,2039.8,2474.0,2768.9,3860.1
124,2026-09-13T19:36:43-05:00,2512,load_2,4,3818.8,30550,2093.3,2056.2,2441.2,2736.1,4090.9
125,2026-09-13T19:37:04-05:00,2533,load_2,4,3787.7,30302,2110.3,2072.6,2506.8,2768.9,4244.8
126,2026-09-13T19:37:24-05:00,2553,load_2,4,3874.1,30993,2063.3,2023.4,2441.2,2736.1,4242.6
127,2026-09-13T19:37:45-05:00,2574,load_2,4,3846.0,30768,2078.1,2039.8,2474.0,2736.1,4073.2
128,2026-09-13T19:38:05-05:00,2594,load_2,4,3830.9,30647,2086.6,2056.2,2441.2,2736.1,4775.3
129,2026-09-13T19:38:26-05:00,2615,load_2,4,3816.0,30528,2094.7,2056.2,2441.2,2703.4,3894.0
130,2026-09-13T19:38:46-05:00,2635,load_2,4,3857.6,30860,2072.0,2039.8,2441.2,2736.1,4004.7
131,2026-09-13T19:39:06-05:00,2655,load_2,4,3837.4,30699,2083.0,2039.8,2441.2,2736.1,4112.4
132,2026-09-13T19:39:27-05:00,2676,load_2,4,3829.9,30639,2087.0,2056.2,2441.2,2736.1,4006.9
133,2026-09-13T19:39:47-05:00,2696,load_2,4,3809.8,30478,2098.0,2056.2,2474.0,2736.1,4293.4
134,2026-09-13T19:40:08-05:00,2717,recover_2,4,3821.8,30575,2091.5,2056.2,2474.0,2703.4,3727.8
135,2026-09-13T19:40:28-05:00,2737,recover_2,4,3787.6,30301,2110.2,2072.6,2506.8,2768.9,4238.2
136,2026-09-13T19:40:49-05:00,2758,recover_2,4,3794.2,30354,2106.9,2072.6,2474.0,2768.9,4309.6
137,2026-09-13T19:41:09-05:00,2778,recover_2,4,3814.5,30516,2095.4,2056.2,2474.0,2736.1,10594.2
138,2026-09-13T19:41:29-05:00,2798,recover_2,4,3819.0,30552,2092.9,2056.2,2474.0,2736.1,4086.3
139,2026-09-13T19:41:50-05:00,2819,recover_2,4,3792.8,30342,2107.6,2072.6,2474.0,2736.1,3813.1
140,2026-09-13T19:42:10-05:00,2839,recover_2,4,3809.6,30477,2098.2,2056.2,2474.0,2736.1,6540.7
141,2026-09-13T19:42:31-05:00,2860,recover_2,4,3784.4,30275,2112.1,2072.6,2506.8,2768.9,4130.9
142,2026-09-13T19:42:51-05:00,2880,recover_2,4,3801.0,30408,2102.7,2072.6,2506.8,2768.9,4136.4
143,2026-09-13T19:43:11-05:00,2900,recover_2,4,3813.1,30505,2096.3,2056.2,2474.0,2736.1,3889.9
144,2026-09-13T19:43:32-05:00,2921,recover_2,4,3808.8,30470,2098.7,2056.2,2474.0,2736.1,4364.2
145,2026-09-13T19:43:52-05:00,2941,recover_2,4,3810.5,30484,2097.8,2056.2,2474.0,2768.9,4014.5
146,2026-09-13T19:44:13-05:00,2962,recover_2,4,3830.3,30642,2086.8,2056.2,2441.2,2736.1,4031.8
147,2026-09-13T19:44:33-05:00,2982,recover_2,4,3887.3,31098,2056.1,2023.4,2441.2,2703.4,3765.5
148,2026-09-13T19:44:54-05:00,3003,recover_2,4,3865.0,30920,2067.8,2023.4,2441.2,2736.1,4119.0
149,2026-09-13T19:45:14-05:00,3023,recover_2,4,3776.3,30211,2116.8,2072.6,2506.8,2768.9,4225.9
150,2026-09-13T19:45:34-05:00,3043,recover_2,4,3803.2,30425,2101.8,2056.2,2506.8,2768.9,3952.9
151,2026-09-13T19:45:55-05:00,3064,recover_2,4,3802.9,30423,2102.0,2072.6,2474.0,2768.9,4313.1
152,2026-09-13T19:46:15-05:00,3084,recover_2,4,3818.6,30549,2093.2,2056.2,2474.0,2736.1,4551.8
153,2026-09-13T19:46:36-05:00,3105,recover_2,4,3863.3,30906,2068.8,2039.8,2441.2,2703.4,4525.5
154,2026-09-13T19:46:56-05:00,3125,recover_2,4,3827.7,30621,2088.2,2056.2,2441.2,2736.1,4235.7
155,2026-09-13T19:47:17-05:00,3146,recover_2,4,3832.6,30661,2085.5,2056.2,2474.0,2736.1,3823.9
156,2026-09-13T19:47:37-05:00,3166,recover_2,4,3797.8,30383,2104.5,2072.6,2474.0,2768.9,6794.2
157,2026-09-13T19:47:57-05:00,3186,recover_2,4,3789.2,30313,2109.5,2072.6,2474.0,2768.9,3750.9
158,2026-09-13T19:48:18-05:00,3207,recover_2,4,3802.5,30420,2102.2,2072.6,2474.0,2768.9,4320.5
159,2026-09-13T19:48:38-05:00,3227,recover_2,4,3756.2,30049,2127.9,2089.0,2506.8,2768.9,4250.9
160,2026-09-13T19:48:59-05:00,3248,recover_2,4,3816.7,30533,2094.4,2056.2,2474.0,2768.9,4159.9
161,2026-09-13T19:49:19-05:00,3268,recover_2,4,3835.1,30681,2084.3,2039.8,2474.0,2736.1,4358.0
162,2026-09-13T19:49:39-05:00,3288,recover_2,4,3827.0,30616,2088.8,2056.2,2441.2,2703.4,4082.0
163,2026-09-13T19:50:00-05:00,3309,quiet_3,16,3836.7,30693,2083.5,2039.8,2474.0,2736.1,7878.6
164,2026-09-13T19:50:20-05:00,3329,quiet_3,16,3819.2,30554,2093.0,2056.2,2474.0,2736.1,3750.9
165,2026-09-13T19:50:41-05:00,3350,quiet_3,16,3790.3,30322,2109.0,2072.6,2474.0,2768.9,3880.0
166,2026-09-13T19:51:01-05:00,3370,quiet_3,16,3788.3,30307,2109.9,2072.6,2474.0,2736.1,4443.5
167,2026-09-13T19:51:22-05:00,3391,quiet_3,16,3782.1,30257,2113.2,2072.6,2506.8,2801.7,3989.9
168,2026-09-13T19:51:42-05:00,3411,quiet_3,16,3819.5,30556,2092.9,2056.2,2474.0,2736.1,4164.1
169,2026-09-13T19:52:02-05:00,3431,quiet_3,16,3780.0,30240,2114.5,2072.6,2506.8,2768.9,4069.9
170,2026-09-13T19:52:23-05:00,3452,quiet_3,16,3812.7,30502,2096.3,2056.2,2474.0,2703.4,3685.0
171,2026-09-13T19:52:43-05:00,3472,quiet_3,16,3828.3,30626,2087.9,2056.2,2474.0,2736.1,4158.1
172,2026-09-13T19:53:04-05:00,3493,quiet_3,16,3837.5,30700,2083.0,2056.2,2441.2,2736.1,4310.1
173,2026-09-13T19:53:24-05:00,3513,quiet_3,16,3845.0,30760,2075.2,2039.8,2441.2,2703.4,3940.1
174,2026-09-13T19:53:45-05:00,3534,quiet_3,16,3791.8,30334,2108.0,2072.6,2474.0,2768.9,4505.0
175,2026-09-13T19:54:05-05:00,3554,quiet_3,16,3796.6,30373,2105.4,2072.6,2474.0,2768.9,3875.7
176,2026-09-13T19:54:25-05:00,3574,quiet_3,16,3840.0,30720,2081.5,2039.8,2474.0,2768.9,4055.3
177,2026-09-13T19:54:46-05:00,3595,quiet_3,16,3716.1,29729,2151.0,2113.5,2539.5,2834.4,4028.0
178,2026-09-13T19:55:06-05:00,3615,load_3,16,3828.9,30631,2087.6,2056.2,2474.0,2736.1,4339.3
179,2026-09-13T19:55:27-05:00,3636,load_3,16,3805.6,30445,2100.4,2072.6,2474.0,2768.9,3900.1
180,2026-09-13T19:55:47-05:00,3656,load_3,16,3822.2,30578,2091.2,2056.2,2474.0,2768.9,3823.5
181,2026-09-13T19:56:08-05:00,3677,load_3,16,3750.3,30002,2131.3,2089.0,2539.5,2834.4,4144.9
182,2026-09-13T19:56:28-05:00,3697,load_3,16,3838.1,30705,2082.6,2039.8,2441.2,2736.1,4547.5
183,2026-09-13T19:56:48-05:00,3717,load_3,16,3806.0,30448,2100.3,2072.6,2474.0,2768.9,4025.7
184,2026-09-13T19:57:09-05:00,3738,load_3,16,3813.2,30506,2096.0,2056.2,2474.0,2736.1,3968.7
185,2026-09-13T19:57:29-05:00,3758,load_3,16,3790.9,30328,2108.5,2072.6,2506.8,2768.9,4253.2
186,2026-09-13T19:57:50-05:00,3779,load_3,16,3797.3,30378,2104.9,2072.6,2474.0,2736.1,3866.9
187,2026-09-13T19:58:10-05:00,3799,load_3,16,3806.7,30454,2099.7,2056.2,2474.0,2736.1,3710.4
188,2026-09-13T19:58:30-05:00,3819,load_3,16,3804.5,30436,2100.9,2072.6,2474.0,2768.9,4091.2
189,2026-09-13T19:58:51-05:00,3840,load_3,16,3857.2,30857,2072.2,2039.8,2474.0,2768.9,4350.8
190,2026-09-13T19:59:11-05:00,3860,load_3,16,3819.9,30560,2092.6,2056.2,2474.0,2768.9,4179.3
191,2026-09-13T19:59:32-05:00,3881,load_3,16,3838.9,30711,2082.2,2039.8,2474.0,2736.1,4011.5
192,2026-09-13T19:59:52-05:00,3901,load_3,16,3817.3,30538,2094.0,2056.2,2474.0,2736.1,3720.2
193,2026-09-13T20:00:13-05:00,3922,load_3,16,3797.1,30376,2105.2,2072.6,2474.0,2736.1,5244.1
194,2026-09-13T20:00:33-05:00,3942,load_3,16,3770.4,30164,2120.0,2089.0,2506.8,2768.9,3991.7
195,2026-09-13T20:00:53-05:00,3962,load_3,16,3804.6,30437,2101.0,2056.2,2474.0,2768.9,3801.0
196,2026-09-13T20:01:14-05:00,3983,load_3,16,3808.3,30466,2098.9,2056.2,2474.0,2768.9,7092.3
197,2026-09-13T20:01:34-05:00,4003,load_3,16,3839.7,30717,2081.8,2039.8,2441.2,2703.4,3925.4
198,2026-09-13T20:01:55-05:00,4024,load_3,16,3839.8,30718,2081.8,2039.8,2474.0,2768.9,3960.2
199,2026-09-13T20:02:15-05:00,4044,load_3,16,3811.7,30494,2097.1,2056.2,2474.0,2736.1,4178.3
200,2026-09-13T20:02:36-05:00,4065,load_3,16,3822.0,30576,2091.4,2056.2,2474.0,2736.1,4019.8
201,2026-09-13T20:02:56-05:00,4085,load_3,16,3782.2,30258,2113.4,2072.6,2506.8,2768.9,3778.9
202,2026-09-13T20:03:16-05:00,4105,load_3,16,3829.5,30636,2087.3,2056.2,2441.2,2703.4,3839.3
203,2026-09-13T20:03:37-05:00,4126,load_3,16,3786.7,30293,2110.8,2072.6,2506.8,2768.9,4641.6
204,2026-09-13T20:03:57-05:00,4146,load_3,16,3724.6,29796,2146.0,2113.5,2539.5,2834.4,4395.0
205,2026-09-13T20:04:18-05:00,4167,load_3,16,3802.8,30422,2101.9,2072.6,2474.0,2768.9,11585.0
206,2026-09-13T20:04:38-05:00,4187,load_3,16,3839.9,30719,2081.6,2039.8,2441.2,2703.4,3908.2
207,2026-09-13T20:04:58-05:00,4207,recover_3,16,3822.4,30579,2091.1,2056.2,2474.0,2736.1,5177.7
208,2026-09-13T20:05:19-05:00,4228,recover_3,16,3843.1,30745,2079.9,2039.8,2441.2,2703.4,5098.7
209,2026-09-13T20:05:39-05:00,4248,recover_3,16,3803.7,30430,2101.4,2072.6,2474.0,2703.4,3993.0
210,2026-09-13T20:06:00-05:00,4269,recover_3,16,3807.4,30459,2099.4,2056.2,2474.0,2736.1,7664.6
211,2026-09-13T20:06:20-05:00,4289,recover_3,16,3832.0,30656,2085.9,2056.2,2474.0,2768.9,4509.8
212,2026-09-13T20:06:41-05:00,4310,recover_3,16,3847.3,30778,2077.8,2039.8,2441.2,2736.1,4514.5
213,2026-09-13T20:07:01-05:00,4330,recover_3,16,3801.1,30409,2102.8,2072.6,2474.0,2768.9,4131.6
214,2026-09-13T20:07:21-05:00,4350,recover_3,16,3835.1,30681,2084.2,2039.8,2441.2,2736.1,4226.5
215,2026-09-13T20:07:42-05:00,4371,recover_3,16,3810.5,30484,2097.8,2056.2,2474.0,2736.1,4027.8
216,2026-09-13T20:08:02-05:00,4391,recover_3,16,3831.0,30648,2086.4,2056.2,2474.0,2736.1,4036.0
217,2026-09-13T20:08:23-05:00,4412,recover_3,16,3829.4,30635,2087.3,2039.8,2474.0,2801.7,4813.7
218,2026-09-13T20:08:43-05:00,4432,recover_3,16,3816.8,30534,2094.3,2056.2,2474.0,2736.1,3955.5
219,2026-09-13T20:09:04-05:00,4453,recover_3,16,3815.3,30523,2095.0,2056.2,2474.0,2768.9,3977.4
220,2026-09-13T20:09:24-05:00,4473,recover_3,16,3806.4,30451,2100.1,2072.6,2474.0,2736.1,4950.0
221,2026-09-13T20:09:44-05:00,4493,recover_3,16,3831.5,30652,2086.2,2056.2,2441.2,2768.9,4163.2
222,2026-09-13T20:10:05-05:00,4514,recover_3,16,3793.4,30347,2107.0,2072.6,2506.8,2768.9,4084.6
223,2026-09-13T20:10:25-05:00,4534,recover_3,16,3845.5,30764,2078.6,2039.8,2474.0,2768.9,3943.2
224,2026-09-13T20:10:46-05:00,4555,recover_3,16,3804.3,30435,2101.0,2072.6,2474.0,2736.1,4258.0
225,2026-09-13T20:11:06-05:00,4575,recover_3,16,3737.5,29900,2138.7,2113.5,2506.8,2801.7,5326.7
226,2026-09-13T20:11:27-05:00,4596,recover_3,16,3772.4,30179,2118.9,2089.0,2506.8,2768.9,4055.6
227,2026-09-13T20:11:47-05:00,4616,recover_3,16,3814.3,30514,2095.8,2056.2,2474.0,2736.1,4433.9
228,2026-09-13T20:12:07-05:00,4636,recover_3,16,3720.2,29762,2148.6,2113.5,2539.5,2834.4,4420.3
229,2026-09-13T20:12:28-05:00,4657,recover_3,16,3806.8,30454,2099.7,2056.2,2474.0,2768.9,4178.8
230,2026-09-13T20:12:48-05:00,4677,recover_3,16,3844.2,30754,2079.4,2039.8,2441.2,2736.1,4025.5
231,2026-09-13T20:13:09-05:00,4698,recover_3,16,3838.2,30706,2082.6,2039.8,2474.0,2736.1,6900.4
232,2026-09-13T20:13:29-05:00,4718,recover_3,16,3818.2,30545,2093.6,2056.2,2474.0,2768.9,4648.1
233,2026-09-13T20:13:49-05:00,4738,recover_3,16,3756.9,30055,2127.6,2089.0,2539.5,2801.7,3913.5
234,2026-09-13T20:14:10-05:00,4759,recover_3,16,3817.9,30543,2093.7,2056.2,2474.0,2736.1,4455.2
235,2026-09-13T20:14:30-05:00,4779,recover_3,16,3838.1,30704,2082.5,2039.8,2441.2,2768.9,11370.4
236,2026-09-13T20:14:51-05:00,4800,quiet_4,64,3828.7,30630,2087.5,2056.2,2441.2,2703.4,4109.9
237,2026-09-13T20:15:11-05:00,4820,quiet_4,64,3817.3,30538,2093.9,2056.2,2474.0,2736.1,3867.2
238,2026-09-13T20:15:32-05:00,4841,quiet_4,64,3826.2,30610,2089.0,2056.2,2474.0,2768.9,3805.0
239,2026-09-13T20:15:52-05:00,4861,quiet_4,64,3806.1,30449,2100.0,2056.2,2474.0,2768.9,4214.7
240,2026-09-13T20:16:12-05:00,4881,quiet_4,64,3813.7,30509,2095.8,2056.2,2474.0,2736.1,4046.6
241,2026-09-13T20:16:33-05:00,4902,quiet_4,64,3807.2,30458,2099.5,2056.2,2474.0,2768.9,4879.4
242,2026-09-13T20:16:53-05:00,4922,quiet_4,64,3826.8,30614,2088.8,2056.2,2474.0,2736.1,4393.0
243,2026-09-13T20:17:14-05:00,4943,quiet_4,64,3765.5,30124,2122.7,2089.0,2506.8,2768.9,4131.1
244,2026-09-13T20:17:34-05:00,4963,quiet_4,64,3830.8,30647,2086.5,2056.2,2474.0,2736.1,4065.5
245,2026-09-13T20:17:55-05:00,4984,quiet_4,64,3801.7,30413,2102.5,2072.6,2474.0,2768.9,4313.3
246,2026-09-13T20:18:15-05:00,5004,quiet_4,64,3840.9,30727,2081.0,2039.8,2441.2,2703.4,3955.9
247,2026-09-13T20:18:35-05:00,5024,quiet_4,64,3770.0,30160,2120.1,2089.0,2506.8,2801.7,5704.3
248,2026-09-13T20:18:56-05:00,5045,quiet_4,64,3757.8,30062,2127.1,2089.0,2506.8,2768.9,4103.9
249,2026-09-13T20:19:16-05:00,5065,quiet_4,64,3828.5,30628,2087.9,2056.2,2474.0,2736.1,4208.9
250,2026-09-13T20:19:37-05:00,5086,quiet_4,64,3807.3,30458,2099.5,2056.2,2474.0,2736.1,8938.7
251,2026-09-13T20:19:57-05:00,5106,load_4,64,3815.7,30526,2094.8,2056.2,2474.0,2768.9,4161.9
252,2026-09-13T20:20:18-05:00,5127,load_4,64,3777.7,30222,2115.8,2089.0,2474.0,2768.9,4269.6
253,2026-09-13T20:20:38-05:00,5147,load_4,64,3821.1,30569,2091.9,2056.2,2474.0,2736.1,4112.5
254,2026-09-13T20:20:58-05:00,5167,load_4,64,3846.7,30773,2077.9,2039.8,2474.0,2768.9,3950.6
255,2026-09-13T20:21:19-05:00,5188,load_4,64,3824.7,30598,2089.9,2056.2,2474.0,2736.1,3889.4
256,2026-09-13T20:21:39-05:00,5208,load_4,64,3798.2,30386,2104.4,2072.6,2474.0,2768.9,4352.5
257,2026-09-13T20:22:00-05:00,5229,load_4,64,3732.0,29856,2141.7,2113.5,2539.5,2801.7,4070.0
258,2026-09-13T20:22:20-05:00,5249,load_4,64,3832.6,30661,2085.5,2039.8,2441.2,2736.1,3908.3
259,2026-09-13T20:22:40-05:00,5269,load_4,64,3800.2,30402,2103.3,2072.6,2474.0,2736.1,14509.6
260,2026-09-13T20:23:01-05:00,5290,load_4,64,3796.6,30373,2105.3,2072.6,2474.0,2736.1,4280.0
261,2026-09-13T20:23:21-05:00,5310,load_4,64,3799.1,30393,2103.6,2072.6,2474.0,2736.1,4510.7
262,2026-09-13T20:23:42-05:00,5331,load_4,64,3792.2,30338,2107.7,2072.6,2474.0,2768.9,3892.2
263,2026-09-13T20:24:02-05:00,5351,load_4,64,3845.5,30764,2078.3,2039.8,2441.2,2736.1,4093.2
264,2026-09-13T20:24:23-05:00,5372,load_4,64,3826.5,30612,2088.9,2056.2,2474.0,2768.9,3832.4
265,2026-09-13T20:24:43-05:00,5392,load_4,64,3798.6,30388,2104.1,2072.6,2474.0,2768.9,3979.2
266,2026-09-13T20:25:03-05:00,5412,load_4,64,3805.2,30441,2100.6,2056.2,2474.0,2736.1,4116.2
267,2026-09-13T20:25:24-05:00,5433,load_4,64,3840.5,30724,2081.3,2056.2,2441.2,2670.6,3697.4
268,2026-09-13T20:25:44-05:00,5453,load_4,64,3792.5,30340,2107.5,2072.6,2474.0,2736.1,3743.4
269,2026-09-13T20:26:05-05:00,5474,load_4,64,3825.5,30604,2089.5,2056.2,2441.2,2703.4,4059.5
270,2026-09-13T20:26:25-05:00,5494,load_4,64,3733.8,29870,2140.6,2113.5,2539.5,2801.7,4024.9
271,2026-09-13T20:26:46-05:00,5515,load_4,64,3806.7,30454,2099.8,2056.2,2474.0,2736.1,5905.4
272,2026-09-13T20:27:06-05:00,5535,load_4,64,3787.7,30302,2110.3,2072.6,2506.8,2768.9,3994.0
273,2026-09-13T20:27:26-05:00,5555,load_4,64,3836.1,30689,2083.7,2039.8,2474.0,2768.9,4254.6
274,2026-09-13T20:27:47-05:00,5576,load_4,64,3800.0,30400,2103.5,2072.6,2474.0,2768.9,10556.3
275,2026-09-13T20:28:07-05:00,5596,load_4,64,3856.8,30855,2072.5,2039.8,2441.2,2703.4,3939.2
276,2026-09-13T20:28:28-05:00,5617,load_4,64,3863.3,30906,2069.1,2039.8,2441.2,2703.4,3676.5
277,2026-09-13T20:28:48-05:00,5637,load_4,64,3813.7,30509,2096.1,2056.2,2474.0,2768.9,3807.7
278,2026-09-13T20:29:09-05:00,5658,load_4,64,3837.2,30698,2083.1,2039.8,2441.2,2736.1,4384.9
279,2026-09-13T20:29:29-05:00,5678,load_4,64,3688.2,29505,2167.1,2113.5,2572.3,2834.4,4017.0
280,2026-09-13T20:29:49-05:00,5698,load_4,64,3744.6,29957,2134.6,2089.0,2539.5,2834.4,16061.2
281,2026-09-13T20:30:10-05:00,5719,recover_4,64,3784.1,30273,2112.2,2072.6,2506.8,2768.9,3891.6
282,2026-09-13T20:30:30-05:00,5739,recover_4,64,3808.9,30471,2098.6,2072.6,2474.0,2736.1,4708.2
283,2026-09-13T20:30:51-05:00,5760,recover_4,64,3828.1,30625,2088.0,2056.2,2474.0,2736.1,4311.9
284,2026-09-13T20:31:11-05:00,5780,recover_4,64,3822.9,30583,2090.8,2056.2,2474.0,2736.1,3806.3
285,2026-09-13T20:31:32-05:00,5801,recover_4,64,3859.6,30877,2070.9,2039.8,2441.2,2703.4,4159.6
286,2026-09-13T20:31:52-05:00,5821,recover_4,64,3774.6,30197,2117.6,2089.0,2506.8,2768.9,4141.7
287,2026-09-13T20:32:12-05:00,5841,recover_4,64,3791.0,30328,2108.5,2072.6,2506.8,2801.7,3950.0
288,2026-09-13T20:32:33-05:00,5862,recover_4,64,3723.9,29791,2146.5,2113.5,2539.5,2801.7,5166.1
289,2026-09-13T20:32:53-05:00,5882,recover_4,64,3850.7,30805,2075.9,2039.8,2441.2,2703.4,4052.3
290,2026-09-13T20:33:14-05:00,5903,recover_4,64,3811.3,30490,2097.1,2056.2,2474.0,2736.1,4207.2
291,2026-09-13T20:33:34-05:00,5923,recover_4,64,3814.7,30517,2095.3,2056.2,2474.0,2736.1,4208.2
292,2026-09-13T20:33:54-05:00,5943,recover_4,64,3865.0,30920,2068.1,2039.8,2441.2,2703.4,3769.8
293,2026-09-13T20:34:15-05:00,5964,recover_4,64,3818.6,30549,2093.2,2056.2,2474.0,2768.9,4202.7
294,2026-09-13T20:34:35-05:00,5984,recover_4,64,3797.9,30383,2104.5,2072.6,2506.8,2768.9,4206.9
295,2026-09-13T20:34:56-05:00,6005,recover_4,64,3800.9,30407,2102.9,2072.6,2474.0,2768.9,3954.3
296,2026-09-13T20:35:16-05:00,6025,recover_4,64,3802.0,30416,2102.4,2072.6,2474.0,2736.1,4083.9
297,2026-09-13T20:35:37-05:00,6046,recover_4,64,3810.8,30486,2097.6,2056.2,2474.0,2736.1,4248.2
298,2026-09-13T20:35:57-05:00,6066,recover_4,64,3785.2,30282,2111.7,2072.6,2474.0,2768.9,3967.3
299,2026-09-13T20:36:17-05:00,6086,recover_4,64,3819.1,30553,2092.9,2056.2,2474.0,2736.1,3971.0
300,2026-09-13T20:36:38-05:00,6107,recover_4,64,3785.0,30280,2111.8,2072.6,2506.8,2768.9,4766.2
301,2026-09-13T20:36:58-05:00,6127,recover_4,64,3803.0,30424,2101.7,2072.6,2474.0,2736.1,4023.1
302,2026-09-13T20:37:19-05:00,6148,recover_4,64,3811.2,30490,2097.3,2056.2,2474.0,2736.1,4142.7
303,2026-09-13T20:37:39-05:00,6168,recover_4,64,3838.1,30705,2082.8,2039.8,2441.2,2736.1,3964.1
304,2026-09-13T20:38:00-05:00,6189,recover_4,64,3805.5,30444,2100.4,2056.2,2474.0,2736.1,8373.0
305,2026-09-13T20:38:20-05:00,6209,recover_4,64,3841.1,30729,2080.9,2039.8,2441.2,2736.1,3913.1
306,2026-09-13T20:38:40-05:00,6229,recover_4,64,3812.4,30499,2096.7,2056.2,2474.0,2768.9,4134.7
307,2026-09-13T20:39:01-05:00,6250,recover_4,64,3828.4,30627,2088.0,2056.2,2474.0,2736.1,3886.4
308,2026-09-13T20:39:21-05:00,6270,recover_4,64,3783.6,30268,2112.6,2072.6,2506.8,2768.9,9637.2
309,2026-09-13T20:39:42-05:00,6291,recover_4,64,3804.1,30433,2101.3,2056.2,2474.0,2736.1,10720.5
310,2026-09-13T20:40:02-05:00,6311,quiet_0,0,3849.2,30794,2076.6,2039.8,2474.0,2768.9,3923.0
311,2026-09-13T20:40:22-05:00,6331,quiet_0,0,3833.4,30667,2085.2,2039.8,2474.0,2736.1,3882.9
312,2026-09-13T20:40:43-05:00,6352,quiet_0,0,3783.8,30270,2112.4,2072.6,2506.8,2768.9,3997.4
313,2026-09-13T20:41:03-05:00,6372,quiet_0,0,3819.7,30558,2092.6,2056.2,2474.0,2768.9,4098.9
314,2026-09-13T20:41:24-05:00,6393,quiet_0,0,3816.3,30530,2094.3,2056.2,2474.0,2736.1,4108.7
315,2026-09-13T20:41:44-05:00,6413,quiet_0,0,3794.6,30357,2106.6,2072.6,2506.8,2801.7,4135.2
316,2026-09-13T20:42:05-05:00,6434,quiet_0,0,3854.8,30838,2073.4,2039.8,2441.2,2736.1,4692.5
317,2026-09-13T20:42:25-05:00,6454,quiet_0,0,3881.7,31054,2059.2,2023.4,2441.2,2703.4,3880.1
318,2026-09-13T20:42:45-05:00,6474,quiet_0,0,3819.4,30555,2092.8,2056.2,2474.0,2736.1,3994.8
319,2026-09-13T20:43:06-05:00,6495,quiet_0,0,3819.1,30553,2093.0,2056.2,2474.0,2768.9,4094.5
320,2026-09-13T20:43:26-05:00,6515,quiet_0,0,3797.3,30379,2104.8,2072.6,2474.0,2768.9,4111.9
321,2026-09-13T20:43:47-05:00,6536,quiet_0,0,3775.3,30202,2117.4,2089.0,2506.8,2768.9,4098.2
322,2026-09-13T20:44:07-05:00,6556,quiet_0,0,3861.7,30894,2069.8,2039.8,2441.2,2736.1,5335.9
323,2026-09-13T20:44:28-05:00,6577,quiet_0,0,3836.6,30693,2083.2,2039.8,2474.0,2768.9,4146.3
324,2026-09-13T20:44:48-05:00,6597,quiet_0,0,3819.7,30558,2092.6,2056.2,2474.0,2768.9,3846.5
