sample,timestamp,wall_time,bw_mbps,iops,lat_mean_us,lat_p50_us,lat_p95_us,lat_p99_us,lat_max_us
1,2026-09-13T16:18:07-05:00,0,2456.9,19655,3111.6,3031.0,3686.4,4358.1,7531.0
2,2026-09-13T16:18:27-05:00,20,2586.6,20693,3091.2,2998.3,3653.6,4227.1,7198.3
3,2026-09-13T16:18:48-05:00,41,2595.8,20766,3080.2,2998.3,3653.6,4145.2,7063.5
4,2026-09-13T16:19:08-05:00,61,2605.9,20848,3068.3,2998.3,3588.1,4079.6,6859.0
5,2026-09-13T16:19:29-05:00,82,2590.7,20725,3086.4,2998.3,3653.6,4145.2,6954.2
6,2026-09-13T16:19:49-05:00,102,2592.0,20736,3084.8,2998.3,3653.6,4145.2,7203.1
7,2026-09-13T16:20:09-05:00,122,2585.6,20685,3092.3,2998.3,3653.6,4227.1,8997.7
8,2026-09-13T16:20:30-05:00,143,2587.7,20702,3089.9,2998.3,3653.6,4177.9,6953.2
9,2026-09-13T16:20:50-05:00,163,2584.8,20678,3093.4,2998.3,3653.6,4292.6,6704.7
10,2026-09-13T16:21:11-05:00,184,2590.0,20720,3087.2,2998.3,3653.6,4145.2,7494.1
11,2026-09-13T16:21:31-05:00,204,2589.7,20718,3087.4,2998.3,3620.9,4112.4,6813.3
12,2026-09-13T16:21:51-05:00,224,2579.5,20636,3099.6,3031.0,3686.4,4292.6,6794.3
13,2026-09-13T16:22:12-05:00,245,2585.8,20686,3092.2,2998.3,3653.6,4227.1,6787.7
14,2026-09-13T16:22:32-05:00,265,2573.8,20591,3106.6,3031.0,3686.4,4292.6,7180.0
15,2026-09-13T16:22:53-05:00,286,2584.7,20678,3093.4,2998.3,3653.6,4292.6,7842.9
16,2026-09-13T16:23:13-05:00,306,2591.4,20731,3085.5,2998.3,3620.9,4046.8,6168.0
17,2026-09-13T16:23:34-05:00,327,2577.6,20621,3101.9,3031.0,3686.4,4292.6,7137.3
18,2026-09-13T16:23:54-05:00,347,2596.2,20769,3079.8,2998.3,3620.9,4112.4,7280.6
19,2026-09-13T16:24:14-05:00,367,2587.2,20698,3090.6,2998.3,3653.6,4177.9,6883.6
20,2026-09-13T16:24:35-05:00,388,2584.1,20672,3094.1,2998.3,3653.6,4358.1,7022.8
21,2026-09-13T16:24:55-05:00,408,2566.4,20531,3115.6,3031.0,3686.4,4177.9,6798.6
22,2026-09-13T16:25:16-05:00,429,2590.0,20720,3087.2,2998.3,3620.9,4177.9,6948.9
23,2026-09-13T16:25:36-05:00,449,2590.9,20728,3086.1,2998.3,3653.6,4292.6,6900.8
24,2026-09-13T16:25:57-05:00,470,2584.6,20677,3093.7,2998.3,3686.4,4145.2,7164.1
25,2026-09-13T16:26:17-05:00,490,2595.3,20762,3080.9,2998.3,3620.9,4145.2,7241.4
26,2026-09-13T16:26:37-05:00,510,2596.1,20768,3080.0,2998.3,3620.9,4112.4,6829.3
27,2026-09-13T16:26:58-05:00,531,2582.8,20662,3095.9,2998.3,3653.6,4227.1,7314.4
28,2026-09-13T16:27:18-05:00,551,2585.8,20686,3092.3,2998.3,3653.6,4145.2,6656.3
29,2026-09-13T16:27:39-05:00,572,2587.2,20697,3090.5,2998.3,3653.6,4177.9,7060.8
30,2026-09-13T16:27:59-05:00,592,2559.9,20479,3123.6,3031.0,3719.2,4292.6,8022.3
31,2026-09-13T16:28:19-05:00,612,2538.8,20311,3149.5,3063.8,3751.9,4358.1,15954.3
32,2026-09-13T16:28:40-05:00,633,2578.8,20630,3100.6,3031.0,3686.4,4112.4,7227.7
33,2026-09-13T16:29:00-05:00,653,2565.5,20524,3116.7,3031.0,3686.4,4292.6,7342.7
34,2026-09-13T16:29:21-05:00,674,2582.2,20657,3096.6,2998.3,3653.6,4358.1,7744.7
35,2026-09-13T16:29:41-05:00,694,2582.1,20657,3096.6,3031.0,3653.6,4112.4,8105.3
36,2026-09-13T16:30:02-05:00,715,2574.3,20594,3106.1,3031.0,3653.6,4227.1,6934.9
37,2026-09-13T16:30:22-05:00,735,2578.8,20630,3100.6,3031.0,3686.4,4292.6,7090.4
38,2026-09-13T16:30:42-05:00,755,2588.7,20709,3088.7,2998.3,3653.6,4292.6,8383.9
39,2026-09-13T16:31:03-05:00,776,2592.8,20742,3083.8,2998.3,3653.6,4227.1,7199.0
40,2026-09-13T16:31:23-05:00,796,2596.5,20772,3079.4,2998.3,3620.9,4145.2,6840.8
41,2026-09-13T16:31:44-05:00,817,2581.5,20652,3097.2,2998.3,3686.4,4358.1,7166.4
42,2026-09-13T16:32:04-05:00,837,2586.8,20695,3091.0,2998.3,3653.6,4292.6,8296.2
43,2026-09-13T16:32:25-05:00,858,2593.7,20750,3082.8,2998.3,3653.6,4292.6,7101.4
44,2026-09-13T16:32:45-05:00,878,2577.0,20616,3102.7,3031.0,3653.6,4227.1,7754.1
45,2026-09-13T16:33:05-05:00,898,2587.2,20698,3090.5,2998.3,3620.9,4112.4,7341.6
46,2026-09-13T16:33:26-05:00,919,2576.5,20612,3103.4,3031.0,3653.6,4292.6,6996.4
47,2026-09-13T16:33:46-05:00,939,2593.5,20748,3082.9,2998.3,3653.6,4177.9,7383.5
48,2026-09-13T16:34:07-05:00,960,2573.8,20590,3106.7,3031.0,3686.4,4145.2,7370.1
49,2026-09-13T16:34:27-05:00,980,2562.5,20500,3120.3,3031.0,3686.4,4358.1,7944.8
50,2026-09-13T16:34:47-05:00,1000,2597.6,20781,3078.1,2998.3,3620.9,4112.4,7407.2
51,2026-09-13T16:35:08-05:00,1021,2589.9,20719,3087.2,2998.3,3620.9,4079.6,7526.7
52,2026-09-13T16:35:28-05:00,1041,2593.3,20747,3083.3,2998.3,3620.9,4145.2,7045.2
53,2026-09-13T16:35:49-05:00,1062,2594.6,20757,3081.7,2998.3,3653.6,4292.6,7129.5
54,2026-09-13T16:36:09-05:00,1082,2605.6,20845,3068.7,2965.5,3620.9,4177.9,8673.2
55,2026-09-13T16:36:30-05:00,1103,2593.7,20750,3082.7,2998.3,3620.9,4079.6,6419.9
56,2026-09-13T16:36:50-05:00,1123,2563.7,20510,3118.8,3031.0,3719.2,4227.1,7452.9
57,2026-09-13T16:37:10-05:00,1143,2592.6,20741,3084.0,2998.3,3653.6,4227.1,6980.1
58,2026-09-13T16:37:31-05:00,1164,2594.9,20759,3081.3,2998.3,3653.6,4292.6,6983.4
59,2026-09-13T16:37:51-05:00,1184,2592.5,20740,3084.3,2998.3,3653.6,4358.1,7903.5
60,2026-09-13T16:38:12-05:00,1205,2594.2,20753,3082.2,2998.3,3620.9,4145.2,7029.6
61,2026-09-13T16:38:32-05:00,1225,2581.7,20654,3097.1,3031.0,3653.6,4177.9,6930.7
62,2026-09-13T16:38:52-05:00,1245,2572.4,20579,3108.4,3031.0,3686.4,4358.1,6880.5
63,2026-09-13T16:39:13-05:00,1266,2579.9,20639,3099.3,3031.0,3653.6,4227.1,7302.6
64,2026-09-13T16:39:33-05:00,1286,2585.8,20686,3092.2,2998.3,3620.9,4177.9,6731.1
65,2026-09-13T16:39:54-05:00,1307,2570.1,20561,3110.9,3031.0,3653.6,4227.1,7255.4
66,2026-09-13T16:40:14-05:00,1327,2562.4,20499,3120.5,3031.0,3686.4,4227.1,7982.8
67,2026-09-13T16:40:35-05:00,1348,2592.3,20739,3084.6,2998.3,3620.9,4014.1,6710.2
68,2026-09-13T16:40:55-05:00,1368,2578.0,20624,3101.6,3031.0,3653.6,4292.6,6952.9
69,2026-09-13T16:41:15-05:00,1388,2571.3,20570,3109.6,3031.0,3686.4,4358.1,6731.8
70,2026-09-13T16:41:36-05:00,1409,2580.9,20647,3098.0,2998.3,3686.4,4227.1,7950.8
71,2026-09-13T16:41:56-05:00,1429,2586.5,20692,3091.3,3031.0,3653.6,4177.9,6565.5
72,2026-09-13T16:42:17-05:00,1450,2582.8,20663,3095.7,2998.3,3653.6,4227.1,6559.6
73,2026-09-13T16:42:37-05:00,1470,2578.9,20631,3100.6,3031.0,3686.4,4358.1,7208.4
74,2026-09-13T16:42:58-05:00,1491,2586.5,20692,3091.4,2998.3,3653.6,4227.1,6810.0
75,2026-09-13T16:43:18-05:00,1511,2591.1,20729,3085.8,2998.3,3653.6,4177.9,10277.3
76,2026-09-13T16:43:38-05:00,1531,2555.4,20443,3129.1,3063.8,3719.2,4177.9,7152.7
77,2026-09-13T16:43:59-05:00,1552,2506.9,20055,3189.5,3096.6,3784.7,4358.1,7898.3
78,2026-09-13T16:44:19-05:00,1572,2555.9,20447,3128.4,3063.8,3719.2,4145.2,8454.0
79,2026-09-13T16:44:40-05:00,1593,2591.3,20731,3085.6,2998.3,3620.9,4112.4,6359.5
80,2026-09-13T16:45:00-05:00,1613,2588.0,20704,3089.6,2998.3,3653.6,4079.6,6739.0
81,2026-09-13T16:45:20-05:00,1633,2590.9,20727,3086.1,2998.3,3653.6,4112.4,6664.4
82,2026-09-13T16:45:41-05:00,1654,2603.0,20824,3071.9,2998.3,3588.1,4014.1,6254.9
83,2026-09-13T16:46:01-05:00,1674,2585.5,20684,3092.6,3031.0,3653.6,4014.1,8205.2
84,2026-09-13T16:46:22-05:00,1695,2587.2,20698,3090.6,3031.0,3620.9,4046.8,6575.4
85,2026-09-13T16:46:42-05:00,1715,2577.3,20618,3102.3,3031.0,3653.6,4227.1,8388.6
86,2026-09-13T16:47:03-05:00,1736,2600.7,20806,3074.6,2998.3,3620.9,4145.2,6623.1
87,2026-09-13T16:47:23-05:00,1756,2599.2,20794,3076.3,2998.3,3620.9,4112.4,7338.7
88,2026-09-13T16:47:43-05:00,1776,2588.8,20710,3088.6,2998.3,3620.9,4145.2,6730.0
89,2026-09-13T16:48:04-05:00,1797,2594.9,20759,3081.4,2998.3,3620.9,4227.1,6834.5
90,2026-09-13T16:48:24-05:00,1817,2585.6,20685,3092.4,2998.3,3653.6,4227.1,7029.3
91,2026-09-13T16:48:45-05:00,1838,2597.8,20782,3078.0,2998.3,3620.9,4112.4,6617.9
92,2026-09-13T16:49:05-05:00,1858,2579.4,20635,3100.0,3031.0,3686.4,4177.9,8468.3
93,2026-09-13T16:49:26-05:00,1879,2573.8,20591,3106.6,3031.0,3686.4,4292.6,7582.2
94,2026-09-13T16:49:46-05:00,1899,2581.2,20650,3097.7,3031.0,3653.6,4177.9,7614.2
95,2026-09-13T16:50:06-05:00,1919,2585.6,20685,3092.5,2998.3,3653.6,4227.1,7450.6
96,2026-09-13T16:50:27-05:00,1940,2584.8,20678,3093.2,2998.3,3653.6,4177.9,6917.2
97,2026-09-13T16:50:47-05:00,1960,2586.1,20688,3092.0,2998.3,3653.6,4292.6,8509.1
98,2026-09-13T16:51:08-05:00,1981,2598.8,20790,3076.7,2998.3,3620.9,4292.6,7466.2
99,2026-09-13T16:51:28-05:00,2001,2589.9,20720,3087.3,2998.3,3653.6,4112.4,9743.1
100,2026-09-13T16:51:48-05:00,2021,2588.4,20707,3089.1,2998.3,3653.6,4145.2,6982.4
101,2026-09-13T16:52:09-05:00,2042,2600.0,20800,3075.4,2998.3,3620.9,4145.2,7651.6
102,2026-09-13T16:52:29-05:00,2062,2588.0,20704,3089.6,2998.3,3686.4,4358.1,7422.8
103,2026-09-13T16:52:50-05:00,2083,2588.0,20704,3089.6,2998.3,3653.6,4112.4,7914.9
104,2026-09-13T16:53:10-05:00,2103,2576.1,20609,3104.0,3031.0,3653.6,4145.2,6700.6
105,2026-09-13T16:53:31-05:00,2124,2588.6,20708,3088.8,2998.3,3653.6,4145.2,6527.6
106,2026-09-13T16:53:51-05:00,2144,2599.7,20798,3075.5,2998.3,3620.9,4112.4,7240.6
107,2026-09-13T16:54:11-05:00,2164,2595.7,20765,3080.5,2998.3,3653.6,4227.1,7144.5
108,2026-09-13T16:54:32-05:00,2185,2589.5,20716,3087.8,2998.3,3653.6,4292.6,6876.6
109,2026-09-13T16:54:52-05:00,2205,2602.7,20822,3072.1,2998.3,3620.9,4145.2,7002.1
110,2026-09-13T16:55:13-05:00,2226,2589.0,20712,3088.2,2998.3,3620.9,4112.4,9328.9
111,2026-09-13T16:55:33-05:00,2246,2546.4,20371,3140.1,3063.8,3719.2,4227.1,7446.9
112,2026-09-13T16:55:54-05:00,2267,2529.9,20239,3160.6,3063.8,3751.9,4358.1,7351.0
113,2026-09-13T16:56:14-05:00,2287,2522.5,20180,3169.8,3096.6,3784.7,4423.7,7799.2
114,2026-09-13T16:56:34-05:00,2307,2517.3,20138,3176.4,3096.6,3751.9,4358.1,7090.8
115,2026-09-13T16:56:55-05:00,2328,2522.3,20178,3170.1,3096.6,3751.9,4292.6,11891.9
116,2026-09-13T16:57:15-05:00,2348,2535.0,20280,3154.3,3096.6,3719.2,4145.2,9835.0
117,2026-09-13T16:57:36-05:00,2369,2579.2,20633,3100.2,3031.0,3653.6,4112.4,7532.4
118,2026-09-13T16:57:56-05:00,2389,2593.5,20748,3083.1,2998.3,3620.9,4079.6,7248.6
119,2026-09-13T16:58:16-05:00,2409,2589.9,20719,3087.3,2998.3,3653.6,4079.6,6879.0
120,2026-09-13T16:58:37-05:00,2430,2592.2,20737,3084.5,2998.3,3620.9,4046.8,7971.4
121,2026-09-13T16:58:57-05:00,2450,2588.2,20705,3089.3,2998.3,3620.9,4014.1,7109.7
122,2026-09-13T16:59:18-05:00,2471,2597.0,20776,3078.8,2998.3,3620.9,4046.8,6807.8
123,2026-09-13T16:59:38-05:00,2491,2588.6,20709,3088.9,3031.0,3620.9,4046.8,6660.1
124,2026-09-13T16:59:59-05:00,2512,2589.6,20716,3087.8,2998.3,3620.9,4145.2,6534.7
125,2026-09-13T17:00:19-05:00,2532,2587.4,20700,3090.4,3031.0,3620.9,4014.1,7025.8
126,2026-09-13T17:00:39-05:00,2552,2603.3,20826,3071.4,2998.3,3588.1,4014.1,6519.9
127,2026-09-13T17:01:00-05:00,2573,2596.7,20774,3079.2,2998.3,3620.9,4046.8,9801.8
128,2026-09-13T17:01:20-05:00,2593,2602.7,20822,3072.2,2998.3,3620.9,4046.8,6777.8
129,2026-09-13T17:01:41-05:00,2614,2575.0,20600,3105.2,3031.0,3653.6,4145.2,7207.2
130,2026-09-13T17:02:01-05:00,2634,2586.2,20689,3091.8,3031.0,3620.9,4079.6,7223.2
131,2026-09-13T17:02:21-05:00,2654,2585.0,20680,3093.1,2998.3,3653.6,4079.6,9076.7
132,2026-09-13T17:02:42-05:00,2675,2598.2,20786,3077.4,2998.3,3620.9,4014.1,7241.6
133,2026-09-13T17:03:02-05:00,2695,2603.2,20826,3071.5,2998.3,3588.1,3981.3,6993.8
134,2026-09-13T17:03:23-05:00,2716,2598.0,20784,3077.6,2998.3,3620.9,4079.6,6646.5
135,2026-09-13T17:03:43-05:00,2736,2593.9,20751,3082.5,2998.3,3620.9,4177.9,6822.4
136,2026-09-13T17:04:04-05:00,2757,2591.2,20729,3085.9,2998.3,3653.6,4145.2,7062.7
137,2026-09-13T17:04:24-05:00,2777,2594.1,20752,3082.4,2998.3,3620.9,4112.4,7011.2
138,2026-09-13T17:04:44-05:00,2797,2607.2,20858,3066.9,2998.3,3588.1,3981.3,6527.1
139,2026-09-13T17:05:05-05:00,2818,2578.8,20630,3100.6,3031.0,3653.6,4112.4,9626.3
140,2026-09-13T17:05:25-05:00,2838,2597.8,20782,3077.9,2998.3,3620.9,4046.8,8598.8
141,2026-09-13T17:05:46-05:00,2859,2590.1,20721,3087.1,3031.0,3620.9,4046.8,7312.3
142,2026-09-13T17:06:06-05:00,2879,2597.9,20783,3077.8,2998.3,3620.9,4014.1,7020.2
143,2026-09-13T17:06:27-05:00,2900,2590.4,20723,3086.7,2998.3,3653.6,4112.4,7034.6
144,2026-09-13T17:06:47-05:00,2920,2580.1,20641,3099.1,3031.0,3653.6,4227.1,6754.9
145,2026-09-13T17:07:07-05:00,2940,2595.1,20761,3081.3,2998.3,3620.9,3981.3,6804.3
146,2026-09-13T17:07:28-05:00,2961,2560.2,20481,3123.2,3031.0,3686.4,4079.6,6478.9
147,2026-09-13T17:07:48-05:00,2981,2602.6,20821,3072.3,2998.3,3620.9,4046.8,6561.0
148,2026-09-13T17:08:09-05:00,3002,2597.0,20776,3078.9,2998.3,3620.9,4079.6,7531.9
149,2026-09-13T17:08:29-05:00,3022,2590.1,20721,3087.1,2998.3,3653.6,4227.1,7156.7
150,2026-09-13T17:08:49-05:00,3042,2597.1,20777,3078.8,2998.3,3620.9,3981.3,10240.6
151,2026-09-13T17:09:10-05:00,3063,2592.9,20744,3083.8,2998.3,3653.6,4046.8,10354.4
152,2026-09-13T17:09:30-05:00,3083,2601.1,20809,3074.0,2998.3,3620.9,4014.1,6756.9
153,2026-09-13T17:09:51-05:00,3104,2595.0,20760,3081.3,2998.3,3653.6,4145.2,7405.9
154,2026-09-13T17:10:11-05:00,3124,2598.0,20784,3077.8,2998.3,3620.9,3981.3,6958.8
155,2026-09-13T17:10:32-05:00,3145,2586.5,20692,3091.3,2998.3,3653.6,4145.2,7371.6
156,2026-09-13T17:10:52-05:00,3165,2594.2,20753,3082.1,2998.3,3620.9,4079.6,6964.8
157,2026-09-13T17:11:12-05:00,3185,2599.2,20794,3076.1,2998.3,3620.9,4014.1,11291.3
158,2026-09-13T17:11:33-05:00,3206,2575.2,20601,3104.9,3031.0,3653.6,4112.4,7714.4
159,2026-09-13T17:11:53-05:00,3226,2597.6,20781,3078.2,2998.3,3620.9,4079.6,6759.3
160,2026-09-13T17:12:14-05:00,3247,2582.8,20662,3096.0,3031.0,3653.6,4112.4,9027.3
161,2026-09-13T17:12:34-05:00,3267,2584.5,20676,3093.8,2998.3,3653.6,4112.4,6923.7
162,2026-09-13T17:12:55-05:00,3288,2587.4,20699,3090.3,2998.3,3653.6,4112.4,8930.2
163,2026-09-13T17:13:15-05:00,3308,2547.6,20381,3138.6,3063.8,3719.2,4177.9,6729.0
164,2026-09-13T17:13:35-05:00,3328,2589.7,20717,3087.6,2998.3,3653.6,4046.8,6975.4
165,2026-09-13T17:13:56-05:00,3349,2590.0,20720,3087.1,2998.3,3653.6,4112.4,10537.7
166,2026-09-13T17:14:16-05:00,3369,2592.2,20737,3084.5,2998.3,3620.9,4046.8,6727.8
167,2026-09-13T17:14:37-05:00,3390,2592.9,20744,3083.7,2998.3,3620.9,4177.9,14238.5
168,2026-09-13T17:14:57-05:00,3410,2587.7,20702,3089.8,2998.3,3653.6,4046.8,6997.0
169,2026-09-13T17:15:17-05:00,3430,2583.8,20671,3094.5,3031.0,3653.6,4177.9,7176.5
170,2026-09-13T17:15:38-05:00,3451,2593.6,20749,3083.0,2998.3,3620.9,4014.1,7680.8
171,2026-09-13T17:15:58-05:00,3471,2597.3,20778,3078.7,2998.3,3620.9,4014.1,6585.9
172,2026-09-13T17:16:19-05:00,3492,2602.7,20822,3072.0,2998.3,3620.9,4046.8,7590.8
173,2026-09-13T17:16:39-05:00,3512,2596.2,20770,3080.0,2998.3,3620.9,4079.6,9131.5
174,2026-09-13T17:17:00-05:00,3533,2592.4,20739,3084.5,2998.3,3653.6,4079.6,7461.6
175,2026-09-13T17:17:20-05:00,3553,2596.3,20771,3079.6,2998.3,3620.9,4079.6,6914.4
176,2026-09-13T17:17:40-05:00,3573,2592.1,20737,3084.8,2998.3,3620.9,4014.1,10022.7
177,2026-09-13T17:18:01-05:00,3594,2591.6,20733,3085.2,2998.3,3620.9,4079.6,6857.8
178,2026-09-13T17:18:21-05:00,3614,2605.1,20840,3069.4,2998.3,3620.9,4046.8,9119.5
179,2026-09-13T17:18:42-05:00,3635,2596.0,20768,3080.1,2998.3,3620.9,4046.8,7215.1
180,2026-09-13T17:19:02-05:00,3655,2597.8,20782,3077.9,2998.3,3620.9,4014.1,6920.3
181,2026-09-13T17:19:23-05:00,3676,2606.4,20851,3067.6,2998.3,3620.9,4046.8,6578.6
182,2026-09-13T17:19:43-05:00,3696,2598.0,20784,3077.6,2998.3,3620.9,3981.3,7081.7
183,2026-09-13T17:20:03-05:00,3716,2585.4,20683,3092.6,2998.3,3653.6,4079.6,6946.6
184,2026-09-13T17:20:24-05:00,3737,2592.5,20740,3084.3,2998.3,3620.9,4112.4,6955.2
185,2026-09-13T17:20:44-05:00,3757,2586.4,20691,3091.5,2998.3,3653.6,4112.4,7226.7
186,2026-09-13T17:21:05-05:00,3778,2595.5,20764,3080.6,2998.3,3620.9,4112.4,6784.1
187,2026-09-13T17:21:25-05:00,3798,2587.7,20702,3090.0,2998.3,3620.9,4112.4,7018.4
188,2026-09-13T17:21:45-05:00,3818,2589.8,20718,3087.4,2998.3,3620.9,4112.4,6744.8
189,2026-09-13T17:22:06-05:00,3839,2601.1,20809,3073.9,2998.3,3620.9,4014.1,7172.6
190,2026-09-13T17:22:26-05:00,3859,2573.4,20587,3107.1,3031.0,3686.4,4177.9,7471.5
191,2026-09-13T17:22:47-05:00,3880,2578.1,20625,3101.4,3031.0,3653.6,4112.4,7126.2
192,2026-09-13T17:23:07-05:00,3900,2562.0,20496,3121.0,3031.0,3686.4,4177.9,7769.8
193,2026-09-13T17:23:28-05:00,3921,2592.6,20741,3084.2,2998.3,3620.9,4014.1,16597.5
194,2026-09-13T17:23:48-05:00,3941,2595.6,20765,3080.5,2998.3,3620.9,4112.4,7247.3
195,2026-09-13T17:24:08-05:00,3961,2607.6,20861,3066.2,2998.3,3588.1,4112.4,11060.4
196,2026-09-13T17:24:29-05:00,3982,2548.3,20387,3137.8,3063.8,3719.2,4177.9,7260.4
197,2026-09-13T17:24:49-05:00,4002,2555.7,20446,3128.7,3031.0,3719.2,4177.9,26855.6
198,2026-09-13T17:25:10-05:00,4023,2543.1,20345,3144.1,3063.8,3719.2,4145.2,7509.7
199,2026-09-13T17:25:30-05:00,4043,2583.4,20668,3094.9,3031.0,3653.6,4112.4,7166.5
200,2026-09-13T17:25:51-05:00,4064,2596.9,20776,3078.8,2998.3,3620.9,4145.2,7411.6
201,2026-09-13T17:26:11-05:00,4084,2591.9,20735,3085.0,2998.3,3653.6,4079.6,7066.0
202,2026-09-13T17:26:31-05:00,4104,2596.3,20770,3079.8,2998.3,3620.9,4112.4,7243.5
203,2026-09-13T17:26:52-05:00,4125,2597.1,20777,3078.7,2998.3,3620.9,4112.4,9317.5
204,2026-09-13T17:27:12-05:00,4145,2590.6,20725,3086.5,2998.3,3620.9,4046.8,6456.3
205,2026-09-13T17:27:33-05:00,4166,2593.5,20748,3083.1,2998.3,3653.6,4079.6,7225.2
206,2026-09-13T17:27:53-05:00,4186,2607.5,20860,3066.4,2998.3,3620.9,4046.8,7161.3
207,2026-09-13T17:28:13-05:00,4206,2585.5,20684,3092.6,2998.3,3653.6,4079.6,7331.7
208,2026-09-13T17:28:34-05:00,4227,2588.1,20705,3089.4,2998.3,3653.6,4112.4,8339.5
209,2026-09-13T17:28:54-05:00,4247,2597.8,20782,3077.9,2998.3,3620.9,4014.1,6605.3
210,2026-09-13T17:29:15-05:00,4268,2610.5,20884,3062.9,2998.3,3620.9,4046.8,6943.3
211,2026-09-13T17:29:35-05:00,4288,2593.9,20751,3082.5,2998.3,3653.6,4112.4,7212.6
212,2026-09-13T17:29:56-05:00,4309,2572.2,20578,3108.5,3031.0,3686.4,4292.6,7342.1
213,2026-09-13T17:30:16-05:00,4329,2609.1,20872,3064.8,2998.3,3588.1,3981.3,6709.2
214,2026-09-13T17:30:36-05:00,4349,2601.8,20814,3073.1,2998.3,3588.1,4046.8,6934.7
215,2026-09-13T17:30:57-05:00,4370,2599.1,20793,3076.4,2998.3,3620.9,4112.4,6799.6
216,2026-09-13T17:31:17-05:00,4390,2597.0,20776,3078.8,2998.3,3620.9,4014.1,6754.4
217,2026-09-13T17:31:38-05:00,4411,2591.9,20735,3085.0,2998.3,3620.9,4112.4,6875.2
218,2026-09-13T17:31:58-05:00,4431,2589.8,20718,3087.5,2998.3,3620.9,4079.6,7196.9
219,2026-09-13T17:32:19-05:00,4452,2601.3,20810,3073.7,2998.3,3620.9,4046.8,6705.9
220,2026-09-13T17:32:39-05:00,4472,2599.4,20796,3076.0,2998.3,3620.9,4046.8,8110.4
221,2026-09-13T17:32:59-05:00,4492,2601.6,20813,3073.5,2998.3,3620.9,4046.8,7112.6
222,2026-09-13T17:33:20-05:00,4513,2586.5,20692,3091.4,2998.3,3620.9,4112.4,7031.6
223,2026-09-13T17:33:40-05:00,4533,2587.8,20702,3089.9,2998.3,3653.6,4046.8,6877.5
224,2026-09-13T17:34:01-05:00,4554,2592.1,20736,3084.8,2998.3,3620.9,4112.4,7258.8
225,2026-09-13T17:34:21-05:00,4574,2603.7,20830,3070.8,2998.3,3620.9,4014.1,7168.0
226,2026-09-13T17:34:41-05:00,4594,2603.9,20831,3070.7,2998.3,3620.9,4046.8,6792.6
227,2026-09-13T17:35:02-05:00,4615,2595.4,20763,3080.8,2998.3,3620.9,4112.4,7695.5
228,2026-09-13T17:35:22-05:00,4635,2592.8,20742,3083.8,2998.3,3653.6,4046.8,7173.4
229,2026-09-13T17:35:43-05:00,4656,2595.5,20764,3080.7,2998.3,3620.9,4014.1,7406.9
230,2026-09-13T17:36:03-05:00,4676,2593.2,20745,3083.3,2998.3,3620.9,4145.2,14713.8
231,2026-09-13T17:36:24-05:00,4697,2585.3,20683,3092.7,2998.3,3653.6,4145.2,7852.6
232,2026-09-13T17:36:44-05:00,4717,2600.2,20801,3075.1,2998.3,3620.9,4046.8,6946.8
233,2026-09-13T17:37:04-05:00,4737,2594.4,20755,3082.0,2998.3,3653.6,4145.2,7691.1
234,2026-09-13T17:37:25-05:00,4758,2601.7,20814,3073.2,2998.3,3620.9,4046.8,7122.0
235,2026-09-13T17:37:45-05:00,4778,2588.5,20708,3089.1,2998.3,3653.6,4046.8,7110.8
236,2026-09-13T17:38:06-05:00,4799,2601.9,20815,3073.0,2998.3,3653.6,4046.8,6554.9
237,2026-09-13T17:38:26-05:00,4819,2589.6,20717,3087.7,3031.0,3620.9,4014.1,6974.1
238,2026-09-13T17:38:47-05:00,4840,2596.3,20770,3079.9,2998.3,3620.9,4014.1,6598.7
239,2026-09-13T17:39:07-05:00,4860,2597.4,20780,3078.2,2998.3,3653.6,4079.6,7241.5
240,2026-09-13T17:39:27-05:00,4880,2586.5,20692,3091.4,2998.3,3653.6,4112.4,7028.5
241,2026-09-13T17:39:48-05:00,4901,2598.9,20791,3076.7,2998.3,3653.6,4112.4,6933.5
242,2026-09-13T17:40:08-05:00,4921,2608.0,20864,3065.9,2998.3,3588.1,4014.1,7399.5
243,2026-09-13T17:40:29-05:00,4942,2591.5,20732,3085.3,2998.3,3620.9,3981.3,7504.7
244,2026-09-13T17:40:49-05:00,4962,2601.9,20815,3073.1,2998.3,3620.9,4112.4,7631.4
245,2026-09-13T17:41:09-05:00,4982,2593.4,20748,3083.0,2998.3,3620.9,4079.6,6981.4
246,2026-09-13T17:41:30-05:00,5003,2613.9,20911,3059.0,2965.5,3588.1,4014.1,7401.8
247,2026-09-13T17:41:50-05:00,5023,2598.7,20789,3077.0,2998.3,3620.9,4145.2,6814.6
248,2026-09-13T17:42:11-05:00,5044,2617.0,20936,3055.3,2965.5,3588.1,4014.1,7338.8
249,2026-09-13T17:42:31-05:00,5064,2573.2,20586,3107.3,3031.0,3653.6,4145.2,7755.4
250,2026-09-13T17:42:52-05:00,5085,2586.1,20689,3092.0,2998.3,3653.6,4177.9,7182.6
251,2026-09-13T17:43:12-05:00,5105,2600.3,20802,3075.0,2998.3,3620.9,4079.6,7011.6
252,2026-09-13T17:43:32-05:00,5125,2588.0,20704,3089.6,2998.3,3653.6,4112.4,7027.3
253,2026-09-13T17:43:53-05:00,5146,2596.9,20776,3078.9,2998.3,3620.9,4079.6,7005.8
254,2026-09-13T17:44:13-05:00,5166,2584.8,20679,3093.4,3031.0,3653.6,4079.6,6892.9
255,2026-09-13T17:44:34-05:00,5187,2584.7,20678,3093.5,2998.3,3653.6,4177.9,8014.6
256,2026-09-13T17:44:54-05:00,5207,2596.3,20771,3079.6,2998.3,3620.9,4079.6,6946.3
257,2026-09-13T17:45:15-05:00,5228,2580.6,20645,3098.6,2998.3,3653.6,4227.1,7249.8
258,2026-09-13T17:45:35-05:00,5248,2589.5,20716,3087.8,2998.3,3653.6,4145.2,6986.4
259,2026-09-13T17:45:55-05:00,5268,2600.0,20800,3075.2,2998.3,3620.9,4046.8,7465.9
260,2026-09-13T17:46:16-05:00,5289,2576.5,20612,3103.5,3031.0,3653.6,4112.4,7519.2
261,2026-09-13T17:46:36-05:00,5309,2593.0,20744,3083.4,2998.3,3653.6,4079.6,7082.6
262,2026-09-13T17:46:57-05:00,5330,2602.6,20821,3072.1,2998.3,3620.9,4046.8,7128.2
263,2026-09-13T17:47:17-05:00,5350,2589.1,20713,3088.4,2998.3,3620.9,4145.2,6977.7
264,2026-09-13T17:47:37-05:00,5370,2599.6,20797,3075.7,2998.3,3620.9,4046.8,6688.3
265,2026-09-13T17:47:58-05:00,5391,2588.6,20708,3088.9,2998.3,3620.9,4112.4,7340.8
266,2026-09-13T17:48:18-05:00,5411,2592.7,20742,3083.9,2998.3,3620.9,4079.6,7161.2
267,2026-09-13T17:48:39-05:00,5432,2599.7,20797,3075.8,2998.3,3588.1,4046.8,7228.7
268,2026-09-13T17:48:59-05:00,5452,2597.8,20782,3077.9,2998.3,3620.9,4046.8,6831.0
269,2026-09-13T17:49:20-05:00,5473,2588.2,20705,3089.3,2998.3,3620.9,4112.4,7539.4
270,2026-09-13T17:49:40-05:00,5493,2594.1,20753,3082.3,2998.3,3620.9,4046.8,7017.0
271,2026-09-13T17:50:00-05:00,5513,2593.6,20749,3082.9,2998.3,3620.9,4046.8,6851.9
272,2026-09-13T17:50:21-05:00,5534,2597.8,20782,3078.0,2998.3,3620.9,4014.1,10663.5
273,2026-09-13T17:50:41-05:00,5554,2592.0,20736,3084.7,2998.3,3620.9,4046.8,7067.3
274,2026-09-13T17:51:02-05:00,5575,2581.5,20652,3097.3,3031.0,3653.6,4227.1,6766.7
275,2026-09-13T17:51:22-05:00,5595,2541.2,20330,3146.6,3063.8,3719.2,4227.1,7019.4
276,2026-09-13T17:51:43-05:00,5616,2608.4,20868,3065.2,2998.3,3620.9,3948.5,6645.9
277,2026-09-13T17:52:03-05:00,5636,2605.3,20842,3069.1,2998.3,3620.9,4014.1,10141.2
278,2026-09-13T17:52:23-05:00,5656,2597.1,20777,3078.8,2998.3,3620.9,4046.8,7695.5
279,2026-09-13T17:52:44-05:00,5677,2609.2,20873,3064.5,2998.3,3588.1,3981.3,6637.1
280,2026-09-13T17:53:04-05:00,5697,2599.4,20795,3076.1,2998.3,3620.9,4112.4,7084.2
281,2026-09-13T17:53:25-05:00,5718,2582.5,20660,3096.1,3031.0,3653.6,4112.4,7197.2
282,2026-09-13T17:53:45-05:00,5738,2609.7,20877,3063.9,2998.3,3588.1,3981.3,7478.4
283,2026-09-13T17:54:05-05:00,5758,2588.8,20710,3088.7,2998.3,3653.6,4079.6,7615.5
284,2026-09-13T17:54:26-05:00,5779,2594.9,20759,3081.3,2998.3,3653.6,4079.6,7243.8
285,2026-09-13T17:54:46-05:00,5799,2590.1,20721,3087.1,2998.3,3653.6,4112.4,7743.3
286,2026-09-13T17:55:07-05:00,5820,2600.7,20806,3074.5,2998.3,3620.9,4046.8,7096.8
287,2026-09-13T17:55:27-05:00,5840,2600.3,20802,3074.9,2998.3,3620.9,4046.8,6819.5
288,2026-09-13T17:55:48-05:00,5861,2598.8,20790,3076.7,2998.3,3620.9,3981.3,6792.1
289,2026-09-13T17:56:08-05:00,5881,2584.9,20679,3093.3,3031.0,3653.6,4112.4,7056.2
290,2026-09-13T17:56:28-05:00,5901,2591.7,20733,3085.3,2998.3,3620.9,4227.1,6977.2
291,2026-09-13T17:56:49-05:00,5922,2591.5,20732,3085.5,2998.3,3653.6,4079.6,6931.1
292,2026-09-13T17:57:09-05:00,5942,2593.1,20745,3083.5,2998.3,3620.9,4046.8,6880.3
293,2026-09-13T17:57:30-05:00,5963,2593.3,20746,3083.3,2998.3,3620.9,4177.9,7857.2
294,2026-09-13T17:57:50-05:00,5983,2587.9,20703,3089.6,2998.3,3653.6,4079.6,7228.9
295,2026-09-13T17:58:10-05:00,6003,2593.3,20746,3083.4,2998.3,3653.6,4227.1,8070.1
296,2026-09-13T17:58:31-05:00,6024,2597.9,20784,3077.6,2998.3,3620.9,4112.4,8247.3
297,2026-09-13T17:58:51-05:00,6044,2582.0,20656,3096.7,2998.3,3653.6,4145.2,7975.2
298,2026-09-13T17:59:12-05:00,6065,2581.6,20652,3097.2,3031.0,3620.9,4112.4,8407.0
299,2026-09-13T17:59:32-05:00,6085,2588.8,20710,3088.6,2998.3,3653.6,4358.1,7893.3
300,2026-09-13T17:59:53-05:00,6106,2582.3,20659,3096.4,2998.3,3653.6,4227.1,7326.2
301,2026-09-13T18:00:13-05:00,6126,2602.7,20821,3072.2,2998.3,3588.1,4046.8,7020.5
302,2026-09-13T18:00:33-05:00,6146,2582.0,20656,3096.7,2998.3,3653.6,4292.6,7943.8
303,2026-09-13T18:00:54-05:00,6167,2583.5,20668,3095.1,3031.0,3620.9,4145.2,8343.9
304,2026-09-13T18:01:14-05:00,6187,2585.4,20683,3092.7,2998.3,3653.6,4292.6,6747.9
305,2026-09-13T18:01:35-05:00,6208,2578.2,20626,3101.3,2998.3,3653.6,4145.2,73776.6
