timestamp, index, power.draw [W], utilization.gpu [%], utilization.memory [%], memory.used [MiB]
2026/09/12 15:05:14.621, 0, 62.61 W, 0 %, 0 %, 0 MiB
2026/09/12 15:05:14.626, 1, 63.17 W, 0 %, 0 %, 0 MiB
2026/09/12 15:05:14.631, 2, 64.54 W, 0 %, 0 %, 0 MiB
2026/09/12 15:05:14.636, 3, 63.61 W, 0 %, 0 %, 0 MiB
2026/09/12 15:05:15.642, 0, 62.61 W, 0 %, 0 %, 0 MiB
2026/09/12 15:05:15.642, 1, 63.15 W, 0 %, 0 %, 0 MiB
2026/09/12 15:05:15.642, 2, 64.51 W, 0 %, 0 %, 0 MiB
2026/09/12 15:05:15.642, 3, 63.62 W, 0 %, 0 %, 0 MiB
2026/09/12 15:05:16.642, 0, 62.61 W, 0 %, 0 %, 0 MiB
2026/09/12 15:05:16.642, 1, 63.16 W, 0 %, 0 %, 0 MiB
2026/09/12 15:05:16.642, 2, 64.50 W, 0 %, 0 %, 0 MiB
2026/09/12 15:05:16.642, 3, 63.58 W, 0 %, 0 %, 0 MiB
2026/09/12 15:05:17.642, 0, 62.61 W, 0 %, 0 %, 0 MiB
2026/09/12 15:05:17.642, 1, 63.16 W, 0 %, 0 %, 0 MiB
2026/09/12 15:05:17.642, 2, 64.53 W, 0 %, 0 %, 0 MiB
2026/09/12 15:05:17.642, 3, 63.53 W, 0 %, 0 %, 0 MiB
2026/09/12 15:05:18.643, 0, 62.61 W, 0 %, 0 %, 0 MiB
2026/09/12 15:05:18.643, 1, 63.15 W, 0 %, 0 %, 0 MiB
2026/09/12 15:05:18.643, 2, 64.51 W, 0 %, 0 %, 0 MiB
2026/09/12 15:05:18.643, 3, 63.60 W, 0 %, 0 %, 0 MiB
2026/09/12 15:05:19.643, 0, 62.62 W, 0 %, 0 %, 0 MiB
2026/09/12 15:05:19.643, 1, 63.17 W, 0 %, 0 %, 0 MiB
2026/09/12 15:05:19.643, 2, 64.50 W, 0 %, 0 %, 0 MiB
2026/09/12 15:05:19.643, 3, 63.54 W, 0 %, 0 %, 0 MiB
2026/09/12 15:05:20.643, 0, 62.62 W, 0 %, 0 %, 0 MiB
2026/09/12 15:05:20.643, 1, 63.15 W, 0 %, 0 %, 0 MiB
2026/09/12 15:05:20.643, 2, 64.52 W, 0 %, 0 %, 0 MiB
2026/09/12 15:05:20.643, 3, 63.52 W, 0 %, 0 %, 0 MiB
2026/09/12 15:05:21.643, 0, 62.60 W, 0 %, 0 %, 0 MiB
2026/09/12 15:05:21.643, 1, 63.15 W, 0 %, 0 %, 0 MiB
2026/09/12 15:05:21.643, 2, 64.53 W, 0 %, 0 %, 0 MiB
2026/09/12 15:05:21.643, 3, 63.57 W, 0 %, 0 %, 0 MiB
2026/09/12 15:05:22.643, 0, 62.62 W, 0 %, 0 %, 0 MiB
2026/09/12 15:05:22.644, 1, 63.15 W, 0 %, 0 %, 0 MiB
2026/09/12 15:05:22.644, 2, 64.52 W, 0 %, 0 %, 0 MiB
2026/09/12 15:05:22.644, 3, 63.53 W, 0 %, 0 %, 0 MiB
2026/09/12 15:05:23.644, 0, 62.61 W, 0 %, 0 %, 0 MiB
2026/09/12 15:05:23.644, 1, 63.16 W, 0 %, 0 %, 0 MiB
2026/09/12 15:05:23.644, 2, 64.51 W, 0 %, 0 %, 0 MiB
2026/09/12 15:05:23.644, 3, 63.55 W, 0 %, 0 %, 0 MiB
2026/09/12 15:05:24.644, 0, 62.61 W, 0 %, 0 %, 0 MiB
2026/09/12 15:05:24.657, 1, 63.14 W, 0 %, 0 %, 0 MiB
2026/09/12 15:05:24.675, 2, 64.51 W, 0 %, 0 %, 0 MiB
2026/09/12 15:05:24.675, 3, 63.54 W, 0 %, 0 %, 0 MiB
2026/09/12 15:05:25.675, 0, 62.62 W, 0 %, 0 %, 0 MiB
2026/09/12 15:05:25.675, 1, 63.17 W, 0 %, 0 %, 0 MiB
2026/09/12 15:05:25.675, 2, 64.51 W, 0 %, 0 %, 0 MiB
2026/09/12 15:05:25.676, 3, 63.57 W, 0 %, 0 %, 0 MiB
2026/09/12 15:05:26.676, 0, 62.62 W, 0 %, 0 %, 0 MiB
2026/09/12 15:05:26.676, 1, 63.15 W, 0 %, 0 %, 0 MiB
2026/09/12 15:05:26.676, 2, 64.54 W, 0 %, 0 %, 0 MiB
2026/09/12 15:05:26.676, 3, 63.56 W, 0 %, 0 %, 0 MiB
2026/09/12 15:05:27.676, 0, 62.60 W, 0 %, 0 %, 0 MiB
2026/09/12 15:05:27.676, 1, 63.16 W, 0 %, 0 %, 0 MiB
2026/09/12 15:05:27.676, 2, 64.51 W, 0 %, 0 %, 0 MiB
2026/09/12 15:05:27.676, 3, 63.53 W, 0 %, 0 %, 0 MiB
2026/09/12 15:05:28.676, 0, 62.61 W, 0 %, 0 %, 0 MiB
2026/09/12 15:05:28.676, 1, 63.16 W, 0 %, 0 %, 0 MiB
2026/09/12 15:05:28.676, 2, 64.47 W, 0 %, 0 %, 0 MiB
2026/09/12 15:05:28.676, 3, 63.58 W, 0 %, 0 %, 0 MiB
2026/09/12 15:05:29.676, 0, 62.62 W, 0 %, 0 %, 0 MiB
2026/09/12 15:05:29.676, 1, 63.15 W, 0 %, 0 %, 0 MiB
2026/09/12 15:05:29.676, 2, 64.50 W, 0 %, 0 %, 0 MiB
2026/09/12 15:05:29.676, 3, 63.57 W, 0 %, 0 %, 0 MiB
2026/09/12 15:05:30.677, 0, 62.60 W, 0 %, 0 %, 0 MiB
2026/09/12 15:05:30.677, 1, 63.16 W, 0 %, 0 %, 0 MiB
2026/09/12 15:05:30.677, 2, 64.53 W, 0 %, 0 %, 0 MiB
2026/09/12 15:05:30.677, 3, 63.56 W, 0 %, 0 %, 0 MiB
2026/09/12 15:05:31.677, 0, 62.62 W, 0 %, 0 %, 1 MiB
2026/09/12 15:05:31.883, 1, 63.15 W, 0 %, 0 %, 1 MiB
2026/09/12 15:05:31.883, 2, 64.47 W, 0 %, 0 %, 1 MiB
2026/09/12 15:05:31.883, 3, 63.56 W, 0 %, 0 %, 1 MiB
2026/09/12 15:05:32.883, 0, 62.62 W, 0 %, 0 %, 4 MiB
2026/09/12 15:05:32.897, 1, 63.17 W, 0 %, 0 %, 4 MiB
2026/09/12 15:05:32.897, 2, 64.53 W, 0 %, 0 %, 4 MiB
2026/09/12 15:05:32.897, 3, 63.60 W, 0 %, 0 %, 4 MiB
2026/09/12 15:05:33.928, 0, 62.51 W, 4 %, 0 %, 695 MiB
2026/09/12 15:05:33.928, 1, 63.17 W, 0 %, 0 %, 4 MiB
2026/09/12 15:05:33.928, 2, 64.51 W, 0 %, 0 %, 4 MiB
2026/09/12 15:05:33.928, 3, 63.59 W, 0 %, 0 %, 4 MiB
2026/09/12 15:05:34.928, 0, 62.09 W, 0 %, 0 %, 1939 MiB
2026/09/12 15:05:34.928, 1, 63.15 W, 0 %, 0 %, 4 MiB
2026/09/12 15:05:34.928, 2, 64.50 W, 0 %, 0 %, 4 MiB
2026/09/12 15:05:34.928, 3, 63.58 W, 0 %, 0 %, 4 MiB
2026/09/12 15:05:35.929, 0, 62.72 W, 17 %, 0 %, 16061 MiB
2026/09/12 15:05:35.929, 1, 63.14 W, 0 %, 0 %, 4 MiB
2026/09/12 15:05:35.929, 2, 64.51 W, 0 %, 0 %, 4 MiB
2026/09/12 15:05:35.929, 3, 63.56 W, 0 %, 0 %, 4 MiB
2026/09/12 15:05:36.929, 0, 63.03 W, 6 %, 0 %, 16061 MiB
2026/09/12 15:05:36.929, 1, 63.16 W, 0 %, 0 %, 4 MiB
2026/09/12 15:05:36.929, 2, 64.53 W, 0 %, 0 %, 4 MiB
2026/09/12 15:05:36.929, 3, 63.56 W, 0 %, 0 %, 4 MiB
2026/09/12 15:05:37.929, 0, 63.00 W, 0 %, 0 %, 16061 MiB
2026/09/12 15:05:37.929, 1, 63.16 W, 0 %, 0 %, 4 MiB
2026/09/12 15:05:37.929, 2, 64.51 W, 0 %, 0 %, 4 MiB
2026/09/12 15:05:37.929, 3, 63.59 W, 0 %, 0 %, 4 MiB
2026/09/12 15:05:38.929, 0, 67.07 W, 42 %, 4 %, 18763 MiB
2026/09/12 15:05:38.929, 1, 63.14 W, 0 %, 0 %, 4 MiB
2026/09/12 15:05:38.929, 2, 64.51 W, 0 %, 0 %, 4 MiB
2026/09/12 15:05:38.929, 3, 63.56 W, 0 %, 0 %, 4 MiB
2026/09/12 15:05:39.930, 0, 173.16 W, 100 %, 10 %, 18763 MiB
2026/09/12 15:05:39.930, 1, 63.10 W, 0 %, 0 %, 4 MiB
2026/09/12 15:05:39.930, 2, 64.51 W, 0 %, 0 %, 4 MiB
2026/09/12 15:05:39.930, 3, 63.57 W, 0 %, 0 %, 4 MiB
2026/09/12 15:05:40.930, 0, 104.53 W, 2 %, 0 %, 18763 MiB
2026/09/12 15:05:40.930, 1, 63.14 W, 0 %, 0 %, 4 MiB
2026/09/12 15:05:40.930, 2, 64.50 W, 0 %, 0 %, 4 MiB
2026/09/12 15:05:40.930, 3, 63.60 W, 0 %, 0 %, 4 MiB
2026/09/12 15:05:41.930, 0, 67.15 W, 0 %, 0 %, 79879 MiB
2026/09/12 15:05:41.930, 1, 63.16 W, 0 %, 0 %, 4 MiB
2026/09/12 15:05:41.930, 2, 64.52 W, 0 %, 0 %, 4 MiB
2026/09/12 15:05:41.930, 3, 63.55 W, 0 %, 0 %, 4 MiB
2026/09/12 15:05:42.930, 0, 62.41 W, 0 %, 0 %, 79879 MiB
2026/09/12 15:05:42.930, 1, 63.15 W, 0 %, 0 %, 4 MiB
2026/09/12 15:05:42.930, 2, 64.48 W, 0 %, 0 %, 4 MiB
2026/09/12 15:05:42.930, 3, 63.58 W, 0 %, 0 %, 4 MiB
2026/09/12 15:05:43.931, 0, 146.04 W, 100 %, 9 %, 81927 MiB
2026/09/12 15:05:43.931, 1, 63.08 W, 0 %, 0 %, 4 MiB
2026/09/12 15:05:43.931, 2, 64.49 W, 0 %, 0 %, 4 MiB
2026/09/12 15:05:43.931, 3, 63.60 W, 0 %, 0 %, 4 MiB
2026/09/12 15:05:44.931, 0, 158.77 W, 51 %, 6 %, 82931 MiB
2026/09/12 15:05:44.931, 1, 63.09 W, 0 %, 0 %, 4 MiB
2026/09/12 15:05:44.931, 2, 64.50 W, 0 %, 0 %, 4 MiB
2026/09/12 15:05:44.931, 3, 63.59 W, 0 %, 0 %, 4 MiB
2026/09/12 15:05:45.931, 0, 82.86 W, 0 %, 0 %, 82935 MiB
2026/09/12 15:05:45.931, 1, 63.14 W, 0 %, 0 %, 4 MiB
2026/09/12 15:05:45.931, 2, 64.52 W, 0 %, 0 %, 4 MiB
2026/09/12 15:05:45.931, 3, 63.56 W, 0 %, 0 %, 4 MiB
2026/09/12 15:05:46.931, 0, 62.54 W, 0 %, 0 %, 82935 MiB
2026/09/12 15:05:46.931, 1, 63.16 W, 0 %, 0 %, 4 MiB
2026/09/12 15:05:46.931, 2, 64.49 W, 0 %, 0 %, 4 MiB
2026/09/12 15:05:46.931, 3, 63.60 W, 0 %, 0 %, 4 MiB
2026/09/12 15:05:47.931, 0, 70.95 W, 53 %, 4 %, 82935 MiB
2026/09/12 15:05:47.932, 1, 63.15 W, 0 %, 0 %, 4 MiB
2026/09/12 15:05:47.932, 2, 64.50 W, 0 %, 0 %, 4 MiB
2026/09/12 15:05:47.932, 3, 63.57 W, 0 %, 0 %, 4 MiB
2026/09/12 15:05:48.932, 0, 181.22 W, 100 %, 7 %, 82935 MiB
2026/09/12 15:05:48.932, 1, 63.09 W, 0 %, 0 %, 4 MiB
2026/09/12 15:05:48.932, 2, 64.49 W, 0 %, 0 %, 4 MiB
2026/09/12 15:05:48.932, 3, 63.54 W, 0 %, 0 %, 4 MiB
2026/09/12 15:05:49.932, 0, 178.57 W, 100 %, 4 %, 82935 MiB
2026/09/12 15:05:49.932, 1, 63.09 W, 0 %, 0 %, 4 MiB
2026/09/12 15:05:49.932, 2, 64.51 W, 0 %, 0 %, 4 MiB
2026/09/12 15:05:49.932, 3, 63.59 W, 0 %, 0 %, 4 MiB
2026/09/12 15:05:50.932, 0, 171.10 W, 100 %, 4 %, 82935 MiB
2026/09/12 15:05:50.932, 1, 63.10 W, 0 %, 0 %, 4 MiB
2026/09/12 15:05:50.932, 2, 64.48 W, 0 %, 0 %, 4 MiB
2026/09/12 15:05:50.932, 3, 63.57 W, 0 %, 0 %, 4 MiB
2026/09/12 15:05:51.932, 0, 170.89 W, 100 %, 4 %, 82935 MiB
2026/09/12 15:05:51.932, 1, 63.10 W, 0 %, 0 %, 4 MiB
2026/09/12 15:05:51.932, 2, 64.55 W, 0 %, 0 %, 4 MiB
2026/09/12 15:05:51.933, 3, 63.58 W, 0 %, 0 %, 4 MiB
2026/09/12 15:05:52.933, 0, 170.14 W, 100 %, 7 %, 82935 MiB
2026/09/12 15:05:52.933, 1, 63.09 W, 0 %, 0 %, 4 MiB
2026/09/12 15:05:52.933, 2, 64.49 W, 0 %, 0 %, 4 MiB
2026/09/12 15:05:52.933, 3, 63.58 W, 0 %, 0 %, 4 MiB
2026/09/12 15:05:53.933, 0, 180.81 W, 100 %, 8 %, 82935 MiB
2026/09/12 15:05:53.933, 1, 63.10 W, 0 %, 0 %, 4 MiB
2026/09/12 15:05:53.933, 2, 64.50 W, 0 %, 0 %, 4 MiB
2026/09/12 15:05:53.933, 3, 63.52 W, 0 %, 0 %, 4 MiB
2026/09/12 15:05:54.933, 0, 177.38 W, 100 %, 5 %, 82935 MiB
2026/09/12 15:05:54.933, 1, 63.09 W, 0 %, 0 %, 4 MiB
2026/09/12 15:05:54.933, 2, 64.48 W, 0 %, 0 %, 4 MiB
2026/09/12 15:05:54.933, 3, 63.60 W, 0 %, 0 %, 4 MiB
2026/09/12 15:05:55.933, 0, 171.04 W, 100 %, 5 %, 82935 MiB
2026/09/12 15:05:55.933, 1, 63.11 W, 0 %, 0 %, 4 MiB
2026/09/12 15:05:55.933, 2, 64.50 W, 0 %, 0 %, 4 MiB
2026/09/12 15:05:55.934, 3, 63.61 W, 0 %, 0 %, 4 MiB
2026/09/12 15:05:56.934, 0, 171.44 W, 100 %, 4 %, 82935 MiB
2026/09/12 15:05:56.934, 1, 63.09 W, 0 %, 0 %, 4 MiB
2026/09/12 15:05:56.934, 2, 64.49 W, 0 %, 0 %, 4 MiB
2026/09/12 15:05:56.934, 3, 63.58 W, 0 %, 0 %, 4 MiB
2026/09/12 15:05:57.934, 0, 127.38 W, 0 %, 0 %, 82975 MiB
2026/09/12 15:05:57.934, 1, 63.12 W, 0 %, 0 %, 4 MiB
2026/09/12 15:05:57.934, 2, 64.52 W, 0 %, 0 %, 4 MiB
2026/09/12 15:05:57.934, 3, 63.57 W, 0 %, 0 %, 4 MiB
2026/09/12 15:05:58.934, 0, 164.21 W, 100 %, 8 %, 83463 MiB
2026/09/12 15:05:58.934, 1, 63.10 W, 0 %, 0 %, 4 MiB
2026/09/12 15:05:58.934, 2, 64.46 W, 0 %, 0 %, 4 MiB
2026/09/12 15:05:58.934, 3, 63.51 W, 0 %, 0 %, 4 MiB
2026/09/12 15:05:59.934, 0, 178.66 W, 100 %, 7 %, 83463 MiB
2026/09/12 15:05:59.934, 1, 63.10 W, 0 %, 0 %, 4 MiB
2026/09/12 15:05:59.934, 2, 64.51 W, 0 %, 0 %, 4 MiB
2026/09/12 15:05:59.934, 3, 63.56 W, 0 %, 0 %, 4 MiB
2026/09/12 15:06:00.935, 0, 172.16 W, 100 %, 4 %, 83463 MiB
2026/09/12 15:06:00.935, 1, 63.10 W, 0 %, 0 %, 4 MiB
2026/09/12 15:06:00.935, 2, 64.51 W, 0 %, 0 %, 4 MiB
2026/09/12 15:06:00.935, 3, 63.60 W, 0 %, 0 %, 4 MiB
2026/09/12 15:06:01.935, 0, 171.84 W, 100 %, 4 %, 83463 MiB
2026/09/12 15:06:01.935, 1, 63.11 W, 0 %, 0 %, 4 MiB
2026/09/12 15:06:01.935, 2, 64.49 W, 0 %, 0 %, 4 MiB
2026/09/12 15:06:01.935, 3, 63.55 W, 0 %, 0 %, 4 MiB
2026/09/12 15:06:02.935, 0, 168.82 W, 68 %, 4 %, 83463 MiB
2026/09/12 15:06:02.935, 1, 63.10 W, 0 %, 0 %, 4 MiB
2026/09/12 15:06:02.935, 2, 64.49 W, 0 %, 0 %, 4 MiB
2026/09/12 15:06:02.935, 3, 63.51 W, 0 %, 0 %, 4 MiB
2026/09/12 15:06:03.935, 0, 182.17 W, 100 %, 7 %, 83463 MiB
2026/09/12 15:06:03.935, 1, 63.09 W, 0 %, 0 %, 4 MiB
2026/09/12 15:06:03.935, 2, 64.42 W, 0 %, 0 %, 4 MiB
2026/09/12 15:06:03.935, 3, 63.55 W, 0 %, 0 %, 4 MiB
2026/09/12 15:06:04.935, 0, 179.27 W, 100 %, 6 %, 83463 MiB
2026/09/12 15:06:04.936, 1, 63.10 W, 0 %, 0 %, 4 MiB
2026/09/12 15:06:04.936, 2, 64.47 W, 0 %, 0 %, 4 MiB
2026/09/12 15:06:04.936, 3, 63.56 W, 0 %, 0 %, 4 MiB
2026/09/12 15:06:05.936, 0, 172.35 W, 100 %, 5 %, 83463 MiB
2026/09/12 15:06:05.936, 1, 63.10 W, 0 %, 0 %, 4 MiB
2026/09/12 15:06:05.936, 2, 64.50 W, 0 %, 0 %, 4 MiB
2026/09/12 15:06:05.936, 3, 63.53 W, 0 %, 0 %, 4 MiB
2026/09/12 15:06:06.936, 0, 172.52 W, 100 %, 5 %, 83463 MiB
2026/09/12 15:06:06.936, 1, 63.08 W, 0 %, 0 %, 4 MiB
2026/09/12 15:06:06.936, 2, 64.50 W, 0 %, 0 %, 4 MiB
2026/09/12 15:06:06.936, 3, 63.57 W, 0 %, 0 %, 4 MiB
2026/09/12 15:06:07.936, 0, 169.82 W, 100 %, 7 %, 83463 MiB
2026/09/12 15:06:07.936, 1, 63.11 W, 0 %, 0 %, 4 MiB
2026/09/12 15:06:07.936, 2, 64.47 W, 0 %, 0 %, 4 MiB
2026/09/12 15:06:07.936, 3, 63.56 W, 0 %, 0 %, 4 MiB
2026/09/12 15:06:08.936, 0, 179.65 W, 100 %, 8 %, 83463 MiB
2026/09/12 15:06:08.936, 1, 63.10 W, 0 %, 0 %, 4 MiB
2026/09/12 15:06:08.936, 2, 64.45 W, 0 %, 0 %, 4 MiB
2026/09/12 15:06:08.937, 3, 63.50 W, 0 %, 0 %, 4 MiB
2026/09/12 15:06:09.937, 0, 177.78 W, 100 %, 4 %, 83463 MiB
2026/09/12 15:06:09.937, 1, 63.08 W, 0 %, 0 %, 4 MiB
2026/09/12 15:06:09.937, 2, 64.46 W, 0 %, 0 %, 4 MiB
2026/09/12 15:06:09.937, 3, 63.54 W, 0 %, 0 %, 4 MiB
2026/09/12 15:06:10.937, 0, 172.71 W, 100 %, 4 %, 83463 MiB
2026/09/12 15:06:10.937, 1, 63.09 W, 0 %, 0 %, 4 MiB
2026/09/12 15:06:10.937, 2, 64.45 W, 0 %, 0 %, 4 MiB
2026/09/12 15:06:10.937, 3, 63.51 W, 0 %, 0 %, 4 MiB
2026/09/12 15:06:11.937, 0, 173.18 W, 100 %, 5 %, 83463 MiB
2026/09/12 15:06:11.937, 1, 63.08 W, 0 %, 0 %, 4 MiB
2026/09/12 15:06:11.937, 2, 64.46 W, 0 %, 0 %, 4 MiB
2026/09/12 15:06:11.937, 3, 63.52 W, 0 %, 0 %, 4 MiB
2026/09/12 15:06:12.937, 0, 133.65 W, 0 %, 0 %, 1947 MiB
2026/09/12 15:06:12.943, 1, 63.12 W, 0 %, 0 %, 4 MiB
2026/09/12 15:06:12.943, 2, 64.47 W, 0 %, 0 %, 4 MiB
2026/09/12 15:06:12.943, 3, 63.53 W, 0 %, 0 %, 4 MiB
2026/09/12 15:06:13.946, 0, 69.63 W, 0 %, 0 %, 531 MiB
2026/09/12 15:06:13.946, 1, 63.16 W, 0 %, 0 %, 4 MiB
2026/09/12 15:06:13.946, 2, 64.47 W, 0 %, 0 %, 4 MiB
2026/09/12 15:06:13.946, 3, 63.48 W, 0 %, 0 %, 4 MiB
2026/09/12 15:06:14.946, 0, 63.58 W, 0 %, 0 %, 531 MiB
2026/09/12 15:06:14.946, 1, 63.16 W, 0 %, 0 %, 4 MiB
2026/09/12 15:06:14.946, 2, 64.48 W, 0 %, 0 %, 4 MiB
2026/09/12 15:06:14.946, 3, 63.43 W, 0 %, 0 %, 4 MiB
2026/09/12 15:06:15.946, 0, 63.58 W, 0 %, 0 %, 531 MiB
2026/09/12 15:06:15.946, 1, 63.16 W, 0 %, 0 %, 4 MiB
2026/09/12 15:06:15.946, 2, 64.53 W, 0 %, 0 %, 4 MiB
2026/09/12 15:06:15.946, 3, 63.52 W, 0 %, 0 %, 4 MiB
2026/09/12 15:06:16.947, 0, 63.38 W, 0 %, 0 %, 531 MiB
2026/09/12 15:06:16.947, 1, 63.16 W, 0 %, 0 %, 4 MiB
2026/09/12 15:06:16.947, 2, 64.47 W, 0 %, 0 %, 4 MiB
2026/09/12 15:06:16.947, 3, 63.52 W, 0 %, 0 %, 4 MiB
2026/09/12 15:06:17.947, 0, 63.24 W, 0 %, 0 %, 531 MiB
2026/09/12 15:06:17.947, 1, 63.15 W, 0 %, 0 %, 4 MiB
2026/09/12 15:06:17.947, 2, 64.49 W, 0 %, 0 %, 4 MiB
2026/09/12 15:06:17.947, 3, 63.46 W, 0 %, 0 %, 4 MiB
2026/09/12 15:06:18.947, 0, 63.16 W, 0 %, 0 %, 531 MiB
2026/09/12 15:06:18.947, 1, 63.15 W, 0 %, 0 %, 4 MiB
2026/09/12 15:06:18.947, 2, 64.49 W, 0 %, 0 %, 4 MiB
2026/09/12 15:06:18.947, 3, 63.48 W, 0 %, 0 %, 4 MiB
2026/09/12 15:06:19.947, 0, 63.12 W, 0 %, 0 %, 531 MiB
2026/09/12 15:06:19.949, 1, 63.17 W, 0 %, 0 %, 4 MiB
2026/09/12 15:06:19.966, 2, 64.49 W, 0 %, 0 %, 4 MiB
2026/09/12 15:06:19.982, 3, 63.49 W, 0 %, 0 %, 4 MiB
2026/09/12 15:06:20.982, 0, 63.09 W, 0 %, 0 %, 531 MiB
2026/09/12 15:06:20.982, 1, 63.16 W, 0 %, 0 %, 4 MiB
2026/09/12 15:06:20.982, 2, 64.50 W, 0 %, 0 %, 4 MiB
2026/09/12 15:06:20.982, 3, 63.55 W, 0 %, 0 %, 4 MiB
2026/09/12 15:06:21.982, 0, 63.10 W, 0 %, 0 %, 531 MiB
2026/09/12 15:06:21.982, 1, 63.16 W, 0 %, 0 %, 4 MiB
2026/09/12 15:06:21.982, 2, 64.51 W, 0 %, 0 %, 4 MiB
2026/09/12 15:06:21.982, 3, 63.57 W, 0 %, 0 %, 4 MiB
2026/09/12 15:06:22.983, 0, 63.10 W, 0 %, 0 %, 531 MiB
2026/09/12 15:06:22.983, 1, 63.16 W, 0 %, 0 %, 4 MiB
2026/09/12 15:06:22.983, 2, 64.50 W, 0 %, 0 %, 4 MiB
2026/09/12 15:06:22.983, 3, 63.57 W, 0 %, 0 %, 4 MiB
2026/09/12 15:06:23.983, 0, 63.10 W, 0 %, 0 %, 531 MiB
2026/09/12 15:06:23.983, 1, 63.15 W, 0 %, 0 %, 4 MiB
2026/09/12 15:06:23.983, 2, 64.45 W, 0 %, 0 %, 4 MiB
2026/09/12 15:06:23.983, 3, 63.53 W, 0 %, 0 %, 4 MiB
2026/09/12 15:06:24.983, 0, 63.10 W, 0 %, 0 %, 531 MiB
2026/09/12 15:06:24.983, 1, 63.13 W, 0 %, 0 %, 4 MiB
2026/09/12 15:06:24.983, 2, 64.49 W, 0 %, 0 %, 4 MiB
2026/09/12 15:06:24.983, 3, 63.55 W, 0 %, 0 %, 4 MiB
2026/09/12 15:06:25.983, 0, 63.11 W, 0 %, 0 %, 531 MiB
2026/09/12 15:06:25.983, 1, 63.17 W, 0 %, 0 %, 4 MiB
2026/09/12 15:06:25.983, 2, 64.45 W, 0 %, 0 %, 4 MiB
2026/09/12 15:06:25.983, 3, 63.57 W, 0 %, 0 %, 4 MiB
2026/09/12 15:06:26.984, 0, 63.09 W, 0 %, 0 %, 531 MiB
2026/09/12 15:06:26.984, 1, 63.15 W, 0 %, 0 %, 4 MiB
2026/09/12 15:06:26.984, 2, 64.49 W, 0 %, 0 %, 4 MiB
2026/09/12 15:06:26.984, 3, 63.51 W, 0 %, 0 %, 4 MiB
2026/09/12 15:06:27.984, 0, 63.07 W, 0 %, 0 %, 531 MiB
2026/09/12 15:06:27.984, 1, 63.16 W, 0 %, 0 %, 4 MiB
2026/09/12 15:06:27.984, 2, 64.46 W, 0 %, 0 %, 4 MiB
2026/09/12 15:06:27.984, 3, 63.56 W, 0 %, 0 %, 4 MiB
2026/09/12 15:06:28.984, 0, 63.01 W, 0 %, 0 %, 531 MiB
2026/09/12 15:06:28.984, 1, 63.17 W, 0 %, 0 %, 4 MiB
2026/09/12 15:06:28.984, 2, 64.48 W, 0 %, 0 %, 4 MiB
2026/09/12 15:06:28.984, 3, 63.54 W, 0 %, 0 %, 4 MiB
2026/09/12 15:06:29.984, 0, 62.97 W, 0 %, 0 %, 551 MiB
2026/09/12 15:06:29.987, 1, 63.17 W, 0 %, 0 %, 4 MiB
2026/09/12 15:06:29.987, 2, 64.52 W, 0 %, 0 %, 4 MiB
2026/09/12 15:06:29.987, 3, 63.56 W, 0 %, 0 %, 4 MiB
2026/09/12 15:06:30.987, 0, 62.63 W, 0 %, 0 %, 2467 MiB
2026/09/12 15:06:31.003, 1, 63.16 W, 0 %, 0 %, 4 MiB
2026/09/12 15:06:31.019, 2, 64.46 W, 0 %, 0 %, 4 MiB
2026/09/12 15:06:31.035, 3, 63.57 W, 0 %, 0 %, 4 MiB
2026/09/12 15:06:32.069, 0, 62.78 W, 17 %, 0 %, 16589 MiB
2026/09/12 15:06:32.069, 1, 63.14 W, 0 %, 0 %, 4 MiB
2026/09/12 15:06:32.069, 2, 64.45 W, 0 %, 0 %, 4 MiB
2026/09/12 15:06:32.069, 3, 63.57 W, 0 %, 0 %, 4 MiB
2026/09/12 15:06:33.069, 0, 63.40 W, 19 %, 0 %, 16589 MiB
2026/09/12 15:06:33.069, 1, 63.14 W, 0 %, 0 %, 4 MiB
2026/09/12 15:06:33.069, 2, 64.53 W, 0 %, 0 %, 4 MiB
2026/09/12 15:06:33.069, 3, 63.58 W, 0 %, 0 %, 4 MiB
2026/09/12 15:06:34.069, 0, 63.39 W, 19 %, 0 %, 16589 MiB
2026/09/12 15:06:34.070, 1, 63.15 W, 0 %, 0 %, 4 MiB
2026/09/12 15:06:34.070, 2, 64.52 W, 0 %, 0 %, 4 MiB
2026/09/12 15:06:34.070, 3, 63.61 W, 0 %, 0 %, 4 MiB
2026/09/12 15:06:35.070, 0, 62.70 W, 0 %, 0 %, 17145 MiB
2026/09/12 15:06:35.070, 1, 63.17 W, 0 %, 0 %, 4 MiB
2026/09/12 15:06:35.070, 2, 64.51 W, 0 %, 0 %, 4 MiB
2026/09/12 15:06:35.070, 3, 63.59 W, 0 %, 0 %, 4 MiB
2026/09/12 15:06:36.070, 0, 62.52 W, 0 %, 0 %, 17145 MiB
2026/09/12 15:06:36.070, 1, 63.15 W, 0 %, 0 %, 4 MiB
2026/09/12 15:06:36.070, 2, 64.50 W, 0 %, 0 %, 4 MiB
2026/09/12 15:06:36.070, 3, 63.59 W, 0 %, 0 %, 4 MiB
2026/09/12 15:06:37.070, 0, 62.51 W, 0 %, 0 %, 17145 MiB
2026/09/12 15:06:37.070, 1, 63.16 W, 0 %, 0 %, 4 MiB
2026/09/12 15:06:37.070, 2, 64.54 W, 0 %, 0 %, 4 MiB
2026/09/12 15:06:37.070, 3, 63.54 W, 0 %, 0 %, 4 MiB
2026/09/12 15:06:38.070, 0, 62.48 W, 0 %, 0 %, 17145 MiB
2026/09/12 15:06:38.071, 1, 63.16 W, 0 %, 0 %, 4 MiB
2026/09/12 15:06:38.071, 2, 64.49 W, 0 %, 0 %, 4 MiB
2026/09/12 15:06:38.071, 3, 63.56 W, 0 %, 0 %, 4 MiB
2026/09/12 15:06:39.071, 0, 62.50 W, 0 %, 0 %, 17145 MiB
2026/09/12 15:06:39.071, 1, 63.16 W, 0 %, 0 %, 4 MiB
2026/09/12 15:06:39.071, 2, 64.48 W, 0 %, 0 %, 4 MiB
2026/09/12 15:06:39.071, 3, 63.56 W, 0 %, 0 %, 4 MiB
2026/09/12 15:06:40.071, 0, 62.44 W, 0 %, 0 %, 17145 MiB
2026/09/12 15:06:40.071, 1, 63.16 W, 0 %, 0 %, 4 MiB
2026/09/12 15:06:40.071, 2, 64.55 W, 0 %, 0 %, 4 MiB
2026/09/12 15:06:40.071, 3, 63.56 W, 0 %, 0 %, 4 MiB
2026/09/12 15:06:41.071, 0, 62.40 W, 0 %, 0 %, 17145 MiB
2026/09/12 15:06:41.071, 1, 63.15 W, 0 %, 0 %, 4 MiB
2026/09/12 15:06:41.071, 2, 64.53 W, 0 %, 0 %, 4 MiB
2026/09/12 15:06:41.071, 3, 63.56 W, 0 %, 0 %, 4 MiB
2026/09/12 15:06:42.071, 0, 62.26 W, 0 %, 0 %, 17145 MiB
2026/09/12 15:06:42.071, 1, 63.16 W, 0 %, 0 %, 4 MiB
2026/09/12 15:06:42.071, 2, 64.47 W, 0 %, 0 %, 4 MiB
2026/09/12 15:06:42.072, 3, 63.58 W, 0 %, 0 %, 4 MiB
2026/09/12 15:06:43.072, 0, 62.25 W, 0 %, 0 %, 17145 MiB
2026/09/12 15:06:43.072, 1, 63.15 W, 0 %, 0 %, 4 MiB
2026/09/12 15:06:43.072, 2, 64.45 W, 0 %, 0 %, 4 MiB
2026/09/12 15:06:43.072, 3, 63.56 W, 0 %, 0 %, 4 MiB
2026/09/12 15:06:44.072, 0, 62.19 W, 0 %, 0 %, 17145 MiB
2026/09/12 15:06:44.072, 1, 63.16 W, 0 %, 0 %, 4 MiB
2026/09/12 15:06:44.072, 2, 64.44 W, 0 %, 0 %, 4 MiB
2026/09/12 15:06:44.072, 3, 63.48 W, 0 %, 0 %, 4 MiB
2026/09/12 15:06:45.072, 0, 68.44 W, 14 %, 3 %, 17589 MiB
2026/09/12 15:06:45.072, 1, 63.14 W, 0 %, 0 %, 4 MiB
2026/09/12 15:06:45.072, 2, 64.45 W, 0 %, 0 %, 4 MiB
2026/09/12 15:06:45.072, 3, 63.51 W, 0 %, 0 %, 4 MiB
2026/09/12 15:06:46.072, 0, 70.58 W, 0 %, 0 %, 17589 MiB
2026/09/12 15:06:46.072, 1, 63.15 W, 0 %, 0 %, 4 MiB
2026/09/12 15:06:46.072, 2, 64.47 W, 0 %, 0 %, 4 MiB
2026/09/12 15:06:46.072, 3, 63.52 W, 0 %, 0 %, 4 MiB
2026/09/12 15:06:47.073, 0, 72.58 W, 8 %, 1 %, 18591 MiB
2026/09/12 15:06:47.073, 1, 63.15 W, 0 %, 0 %, 4 MiB
2026/09/12 15:06:47.073, 2, 64.40 W, 0 %, 0 %, 4 MiB
2026/09/12 15:06:47.073, 3, 63.46 W, 0 %, 0 %, 4 MiB
2026/09/12 15:06:48.073, 0, 62.03 W, 0 %, 0 %, 18591 MiB
2026/09/12 15:06:48.073, 1, 63.14 W, 0 %, 0 %, 4 MiB
2026/09/12 15:06:48.073, 2, 64.44 W, 0 %, 0 %, 4 MiB
2026/09/12 15:06:48.073, 3, 63.48 W, 0 %, 0 %, 4 MiB
2026/09/12 15:06:49.073, 0, 62.10 W, 0 %, 0 %, 18591 MiB
2026/09/12 15:06:49.073, 1, 63.17 W, 0 %, 0 %, 4 MiB
2026/09/12 15:06:49.073, 2, 64.48 W, 0 %, 0 %, 4 MiB
2026/09/12 15:06:49.073, 3, 63.53 W, 0 %, 0 %, 4 MiB
2026/09/12 15:06:50.073, 0, 74.69 W, 0 %, 0 %, 19039 MiB
2026/09/12 15:06:50.073, 1, 63.14 W, 0 %, 0 %, 4 MiB
2026/09/12 15:06:50.073, 2, 64.44 W, 0 %, 0 %, 4 MiB
2026/09/12 15:06:50.073, 3, 63.49 W, 0 %, 0 %, 4 MiB
2026/09/12 15:06:51.073, 0, 90.98 W, 0 %, 0 %, 19039 MiB
2026/09/12 15:06:51.074, 1, 63.15 W, 0 %, 0 %, 4 MiB
2026/09/12 15:06:51.074, 2, 64.43 W, 0 %, 0 %, 4 MiB
2026/09/12 15:06:51.074, 3, 63.46 W, 0 %, 0 %, 4 MiB
2026/09/12 15:06:52.074, 0, 72.51 W, 0 %, 0 %, 19039 MiB
2026/09/12 15:06:52.074, 1, 63.15 W, 0 %, 0 %, 4 MiB
2026/09/12 15:06:52.074, 2, 64.41 W, 0 %, 0 %, 4 MiB
2026/09/12 15:06:52.074, 3, 63.46 W, 0 %, 0 %, 4 MiB
2026/09/12 15:06:53.074, 0, 62.03 W, 0 %, 0 %, 19039 MiB
2026/09/12 15:06:53.074, 1, 63.16 W, 0 %, 0 %, 4 MiB
2026/09/12 15:06:53.074, 2, 64.48 W, 0 %, 0 %, 4 MiB
2026/09/12 15:06:53.074, 3, 63.42 W, 0 %, 0 %, 4 MiB
2026/09/12 15:06:54.074, 0, 62.01 W, 0 %, 0 %, 19039 MiB
2026/09/12 15:06:54.074, 1, 63.15 W, 0 %, 0 %, 4 MiB
2026/09/12 15:06:54.074, 2, 64.46 W, 0 %, 0 %, 4 MiB
2026/09/12 15:06:54.074, 3, 63.46 W, 0 %, 0 %, 4 MiB
2026/09/12 15:06:55.074, 0, 62.03 W, 0 %, 0 %, 19039 MiB
2026/09/12 15:06:55.075, 1, 63.17 W, 0 %, 0 %, 4 MiB
2026/09/12 15:06:55.075, 2, 64.39 W, 0 %, 0 %, 4 MiB
2026/09/12 15:06:55.075, 3, 63.49 W, 0 %, 0 %, 4 MiB
2026/09/12 15:06:56.075, 0, 70.33 W, 0 %, 0 %, 19553 MiB
2026/09/12 15:06:56.075, 1, 63.15 W, 0 %, 0 %, 4 MiB
2026/09/12 15:06:56.075, 2, 64.42 W, 0 %, 0 %, 4 MiB
2026/09/12 15:06:56.075, 3, 63.46 W, 0 %, 0 %, 4 MiB
2026/09/12 15:06:57.075, 0, 173.13 W, 100 %, 10 %, 19553 MiB
2026/09/12 15:06:57.075, 1, 63.08 W, 0 %, 0 %, 4 MiB
2026/09/12 15:06:57.075, 2, 64.46 W, 0 %, 0 %, 4 MiB
2026/09/12 15:06:57.075, 3, 63.47 W, 0 %, 0 %, 4 MiB
2026/09/12 15:06:58.075, 0, 98.03 W, 2 %, 0 %, 19553 MiB
2026/09/12 15:06:58.075, 1, 63.14 W, 0 %, 0 %, 4 MiB
2026/09/12 15:06:58.075, 2, 64.47 W, 0 %, 0 %, 4 MiB
2026/09/12 15:06:58.075, 3, 63.44 W, 0 %, 0 %, 4 MiB
2026/09/12 15:06:59.075, 0, 62.42 W, 0 %, 0 %, 18331 MiB
2026/09/12 15:06:59.075, 1, 63.16 W, 0 %, 0 %, 4 MiB
2026/09/12 15:06:59.076, 2, 64.43 W, 0 %, 0 %, 4 MiB
2026/09/12 15:06:59.076, 3, 63.49 W, 0 %, 0 %, 4 MiB
2026/09/12 15:07:00.076, 0, 85.42 W, 95 %, 7 %, 18475 MiB
2026/09/12 15:07:00.076, 1, 63.10 W, 0 %, 0 %, 4 MiB
2026/09/12 15:07:00.076, 2, 64.45 W, 0 %, 0 %, 4 MiB
2026/09/12 15:07:00.076, 3, 63.47 W, 0 %, 0 %, 4 MiB
2026/09/12 15:07:01.076, 0, 104.82 W, 79 %, 6 %, 18827 MiB
2026/09/12 15:07:01.076, 1, 63.12 W, 0 %, 0 %, 4 MiB
2026/09/12 15:07:01.076, 2, 64.45 W, 0 %, 0 %, 4 MiB
2026/09/12 15:07:01.076, 3, 63.49 W, 0 %, 0 %, 4 MiB
2026/09/12 15:07:02.076, 0, 96.82 W, 73 %, 7 %, 18655 MiB
2026/09/12 15:07:02.076, 1, 63.12 W, 0 %, 0 %, 4 MiB
2026/09/12 15:07:02.076, 2, 64.45 W, 0 %, 0 %, 4 MiB
2026/09/12 15:07:02.076, 3, 63.47 W, 0 %, 0 %, 4 MiB
2026/09/12 15:07:03.076, 0, 94.16 W, 54 %, 7 %, 18607 MiB
2026/09/12 15:07:03.076, 1, 63.11 W, 0 %, 0 %, 4 MiB
2026/09/12 15:07:03.076, 2, 64.47 W, 0 %, 0 %, 4 MiB
2026/09/12 15:07:03.077, 3, 63.48 W, 0 %, 0 %, 4 MiB
2026/09/12 15:07:04.077, 0, 87.76 W, 38 %, 10 %, 18659 MiB
2026/09/12 15:07:04.077, 1, 63.09 W, 0 %, 0 %, 4 MiB
2026/09/12 15:07:04.077, 2, 64.44 W, 0 %, 0 %, 4 MiB
2026/09/12 15:07:04.077, 3, 63.52 W, 0 %, 0 %, 4 MiB
2026/09/12 15:07:05.077, 0, 85.58 W, 0 %, 0 %, 79759 MiB
2026/09/12 15:07:05.077, 1, 63.11 W, 0 %, 0 %, 4 MiB
2026/09/12 15:07:05.077, 2, 64.46 W, 0 %, 0 %, 4 MiB
2026/09/12 15:07:05.077, 3, 63.50 W, 0 %, 0 %, 4 MiB
2026/09/12 15:07:06.077, 0, 106.37 W, 100 %, 9 %, 82127 MiB
2026/09/12 15:07:06.077, 1, 63.13 W, 0 %, 0 %, 4 MiB
2026/09/12 15:07:06.077, 2, 64.46 W, 0 %, 0 %, 4 MiB
2026/09/12 15:07:06.077, 3, 63.54 W, 0 %, 0 %, 4 MiB
2026/09/12 15:07:07.077, 0, 171.59 W, 100 %, 10 %, 79811 MiB
2026/09/12 15:07:07.077, 1, 63.11 W, 0 %, 0 %, 4 MiB
2026/09/12 15:07:07.077, 2, 64.46 W, 0 %, 0 %, 4 MiB
2026/09/12 15:07:07.077, 3, 63.56 W, 0 %, 0 %, 4 MiB
2026/09/12 15:07:08.078, 0, 108.21 W, 91 %, 7 %, 79825 MiB
2026/09/12 15:07:08.078, 1, 63.12 W, 0 %, 0 %, 4 MiB
2026/09/12 15:07:08.078, 2, 64.47 W, 0 %, 0 %, 4 MiB
2026/09/12 15:07:08.078, 3, 63.47 W, 0 %, 0 %, 4 MiB
2026/09/12 15:07:09.078, 0, 105.92 W, 83 %, 7 %, 79951 MiB
2026/09/12 15:07:09.078, 1, 63.09 W, 0 %, 0 %, 4 MiB
2026/09/12 15:07:09.078, 2, 64.46 W, 0 %, 0 %, 4 MiB
2026/09/12 15:07:09.078, 3, 63.49 W, 0 %, 0 %, 4 MiB
2026/09/12 15:07:10.078, 0, 100.04 W, 72 %, 9 %, 79899 MiB
2026/09/12 15:07:10.078, 1, 63.04 W, 0 %, 0 %, 4 MiB
2026/09/12 15:07:10.078, 2, 64.46 W, 0 %, 0 %, 4 MiB
2026/09/12 15:07:10.078, 3, 63.47 W, 0 %, 0 %, 4 MiB
2026/09/12 15:07:11.078, 0, 93.31 W, 35 %, 5 %, 79831 MiB
2026/09/12 15:07:11.078, 1, 63.05 W, 0 %, 0 %, 4 MiB
2026/09/12 15:07:11.078, 2, 64.49 W, 0 %, 0 %, 4 MiB
2026/09/12 15:07:11.079, 3, 63.57 W, 0 %, 0 %, 4 MiB
2026/09/12 15:07:12.079, 0, 109.60 W, 86 %, 11 %, 80099 MiB
2026/09/12 15:07:12.079, 1, 63.10 W, 0 %, 0 %, 4 MiB
2026/09/12 15:07:12.079, 2, 64.50 W, 0 %, 0 %, 4 MiB
2026/09/12 15:07:12.079, 3, 63.56 W, 0 %, 0 %, 4 MiB
2026/09/12 15:07:13.079, 0, 124.13 W, 70 %, 10 %, 80123 MiB
2026/09/12 15:07:13.079, 1, 63.05 W, 0 %, 0 %, 4 MiB
2026/09/12 15:07:13.079, 2, 64.50 W, 0 %, 0 %, 4 MiB
2026/09/12 15:07:13.079, 3, 63.52 W, 0 %, 0 %, 4 MiB
2026/09/12 15:07:14.079, 0, 112.80 W, 45 %, 16 %, 80159 MiB
2026/09/12 15:07:14.079, 1, 63.09 W, 0 %, 0 %, 4 MiB
2026/09/12 15:07:14.079, 2, 64.47 W, 0 %, 0 %, 4 MiB
2026/09/12 15:07:14.079, 3, 63.47 W, 0 %, 0 %, 4 MiB
2026/09/12 15:07:15.079, 0, 62.61 W, 0 %, 0 %, 80707 MiB
2026/09/12 15:07:15.079, 1, 63.15 W, 0 %, 0 %, 4 MiB
2026/09/12 15:07:15.079, 2, 64.51 W, 0 %, 0 %, 4 MiB
2026/09/12 15:07:15.079, 3, 63.56 W, 0 %, 0 %, 4 MiB
2026/09/12 15:07:16.080, 0, 85.68 W, 0 %, 0 %, 81209 MiB
2026/09/12 15:07:16.080, 1, 63.13 W, 0 %, 0 %, 4 MiB
2026/09/12 15:07:16.080, 2, 64.48 W, 0 %, 0 %, 4 MiB
2026/09/12 15:07:16.080, 3, 63.58 W, 0 %, 0 %, 4 MiB
2026/09/12 15:07:17.080, 0, 63.77 W, 12 %, 2 %, 82215 MiB
2026/09/12 15:07:17.080, 1, 63.12 W, 0 %, 0 %, 4 MiB
2026/09/12 15:07:17.080, 2, 64.48 W, 0 %, 0 %, 4 MiB
2026/09/12 15:07:17.080, 3, 63.53 W, 0 %, 0 %, 4 MiB
2026/09/12 15:07:18.080, 0, 77.32 W, 2 %, 0 %, 82217 MiB
2026/09/12 15:07:18.080, 1, 63.13 W, 0 %, 0 %, 4 MiB
2026/09/12 15:07:18.080, 2, 64.50 W, 0 %, 0 %, 4 MiB
2026/09/12 15:07:18.080, 3, 63.56 W, 0 %, 0 %, 4 MiB
2026/09/12 15:07:19.080, 0, 69.04 W, 0 %, 0 %, 82217 MiB
2026/09/12 15:07:19.080, 1, 63.15 W, 0 %, 0 %, 4 MiB
2026/09/12 15:07:19.080, 2, 64.49 W, 0 %, 0 %, 4 MiB
2026/09/12 15:07:19.080, 3, 63.54 W, 0 %, 0 %, 4 MiB
2026/09/12 15:07:20.080, 0, 62.36 W, 0 %, 0 %, 82217 MiB
2026/09/12 15:07:20.080, 1, 63.11 W, 0 %, 0 %, 4 MiB
2026/09/12 15:07:20.080, 2, 64.51 W, 0 %, 0 %, 4 MiB
2026/09/12 15:07:20.080, 3, 63.54 W, 0 %, 0 %, 4 MiB
2026/09/12 15:07:21.081, 0, 115.01 W, 100 %, 7 %, 83113 MiB
2026/09/12 15:07:21.081, 1, 63.13 W, 0 %, 0 %, 4 MiB
2026/09/12 15:07:21.081, 2, 64.52 W, 0 %, 0 %, 4 MiB
2026/09/12 15:07:21.081, 3, 63.53 W, 0 %, 0 %, 4 MiB
2026/09/12 15:07:22.081, 0, 179.65 W, 100 %, 7 %, 83113 MiB
2026/09/12 15:07:22.081, 1, 63.10 W, 0 %, 0 %, 4 MiB
2026/09/12 15:07:22.081, 2, 64.53 W, 0 %, 0 %, 4 MiB
2026/09/12 15:07:22.081, 3, 63.56 W, 0 %, 0 %, 4 MiB
2026/09/12 15:07:23.081, 0, 175.42 W, 100 %, 4 %, 83113 MiB
2026/09/12 15:07:23.081, 1, 63.08 W, 0 %, 0 %, 4 MiB
2026/09/12 15:07:23.081, 2, 64.49 W, 0 %, 0 %, 4 MiB
2026/09/12 15:07:23.081, 3, 63.51 W, 0 %, 0 %, 4 MiB
2026/09/12 15:07:24.081, 0, 171.97 W, 100 %, 4 %, 83113 MiB
2026/09/12 15:07:24.081, 1, 63.09 W, 0 %, 0 %, 4 MiB
2026/09/12 15:07:24.081, 2, 64.47 W, 0 %, 0 %, 4 MiB
2026/09/12 15:07:24.081, 3, 63.57 W, 0 %, 0 %, 4 MiB
2026/09/12 15:07:25.081, 0, 171.67 W, 100 %, 4 %, 83113 MiB
2026/09/12 15:07:25.082, 1, 63.08 W, 0 %, 0 %, 4 MiB
2026/09/12 15:07:25.082, 2, 64.48 W, 0 %, 0 %, 4 MiB
2026/09/12 15:07:25.082, 3, 63.59 W, 0 %, 0 %, 4 MiB
2026/09/12 15:07:26.082, 0, 174.01 W, 100 %, 7 %, 83113 MiB
2026/09/12 15:07:26.082, 1, 63.09 W, 0 %, 0 %, 4 MiB
2026/09/12 15:07:26.082, 2, 64.52 W, 0 %, 0 %, 4 MiB
2026/09/12 15:07:26.082, 3, 63.55 W, 0 %, 0 %, 4 MiB
2026/09/12 15:07:27.082, 0, 180.34 W, 100 %, 7 %, 83113 MiB
2026/09/12 15:07:27.082, 1, 63.09 W, 0 %, 0 %, 4 MiB
2026/09/12 15:07:27.082, 2, 64.50 W, 0 %, 0 %, 4 MiB
2026/09/12 15:07:27.082, 3, 63.56 W, 0 %, 0 %, 4 MiB
2026/09/12 15:07:28.082, 0, 174.92 W, 100 %, 5 %, 83113 MiB
2026/09/12 15:07:28.082, 1, 63.10 W, 0 %, 0 %, 4 MiB
2026/09/12 15:07:28.082, 2, 64.47 W, 0 %, 0 %, 4 MiB
2026/09/12 15:07:28.082, 3, 63.57 W, 0 %, 0 %, 4 MiB
2026/09/12 15:07:29.082, 0, 172.54 W, 100 %, 4 %, 83113 MiB
2026/09/12 15:07:29.082, 1, 63.09 W, 0 %, 0 %, 4 MiB
2026/09/12 15:07:29.083, 2, 64.51 W, 0 %, 0 %, 4 MiB
2026/09/12 15:07:29.083, 3, 63.55 W, 0 %, 0 %, 4 MiB
2026/09/12 15:07:30.083, 0, 172.34 W, 100 %, 4 %, 83113 MiB
2026/09/12 15:07:30.083, 1, 63.08 W, 0 %, 0 %, 4 MiB
2026/09/12 15:07:30.083, 2, 64.53 W, 0 %, 0 %, 4 MiB
2026/09/12 15:07:30.083, 3, 63.59 W, 0 %, 0 %, 4 MiB
2026/09/12 15:07:31.083, 0, 174.49 W, 100 %, 7 %, 83113 MiB
2026/09/12 15:07:31.083, 1, 63.10 W, 0 %, 0 %, 4 MiB
2026/09/12 15:07:31.083, 2, 64.51 W, 0 %, 0 %, 4 MiB
2026/09/12 15:07:31.083, 3, 63.58 W, 0 %, 0 %, 4 MiB
2026/09/12 15:07:32.083, 0, 180.82 W, 100 %, 7 %, 83113 MiB
2026/09/12 15:07:32.083, 1, 63.08 W, 0 %, 0 %, 4 MiB
2026/09/12 15:07:32.083, 2, 64.50 W, 0 %, 0 %, 4 MiB
2026/09/12 15:07:32.083, 3, 63.55 W, 0 %, 0 %, 4 MiB
2026/09/12 15:07:33.083, 0, 173.75 W, 100 %, 5 %, 83113 MiB
2026/09/12 15:07:33.083, 1, 63.08 W, 0 %, 0 %, 4 MiB
2026/09/12 15:07:33.083, 2, 64.50 W, 0 %, 0 %, 4 MiB
2026/09/12 15:07:33.083, 3, 63.59 W, 0 %, 0 %, 4 MiB
2026/09/12 15:07:34.083, 0, 173.09 W, 100 %, 5 %, 83113 MiB
2026/09/12 15:07:34.083, 1, 63.11 W, 0 %, 0 %, 4 MiB
2026/09/12 15:07:34.083, 2, 64.49 W, 0 %, 0 %, 4 MiB
2026/09/12 15:07:34.083, 3, 63.53 W, 0 %, 0 %, 4 MiB
2026/09/12 15:07:35.083, 0, 170.26 W, 100 %, 4 %, 83113 MiB
2026/09/12 15:07:35.084, 1, 63.09 W, 0 %, 0 %, 4 MiB
2026/09/12 15:07:35.084, 2, 64.52 W, 0 %, 0 %, 4 MiB
2026/09/12 15:07:35.084, 3, 63.54 W, 0 %, 0 %, 4 MiB
2026/09/12 15:07:36.084, 0, 177.59 W, 100 %, 7 %, 83113 MiB
2026/09/12 15:07:36.084, 1, 63.08 W, 0 %, 0 %, 4 MiB
2026/09/12 15:07:36.084, 2, 64.50 W, 0 %, 0 %, 4 MiB
2026/09/12 15:07:36.084, 3, 63.54 W, 0 %, 0 %, 4 MiB
2026/09/12 15:07:37.084, 0, 180.17 W, 100 %, 8 %, 83113 MiB
2026/09/12 15:07:37.084, 1, 63.09 W, 0 %, 0 %, 4 MiB
2026/09/12 15:07:37.084, 2, 64.52 W, 0 %, 0 %, 4 MiB
2026/09/12 15:07:37.084, 3, 63.62 W, 0 %, 0 %, 4 MiB
2026/09/12 15:07:38.084, 0, 173.70 W, 100 %, 5 %, 83113 MiB
2026/09/12 15:07:38.084, 1, 63.08 W, 0 %, 0 %, 4 MiB
2026/09/12 15:07:38.084, 2, 64.52 W, 0 %, 0 %, 4 MiB
2026/09/12 15:07:38.084, 3, 63.57 W, 0 %, 0 %, 4 MiB
2026/09/12 15:07:39.084, 0, 172.85 W, 100 %, 5 %, 83113 MiB
2026/09/12 15:07:39.085, 1, 63.10 W, 0 %, 0 %, 4 MiB
2026/09/12 15:07:39.085, 2, 64.48 W, 0 %, 0 %, 4 MiB
2026/09/12 15:07:39.085, 3, 63.57 W, 0 %, 0 %, 4 MiB
2026/09/12 15:07:40.085, 0, 169.75 W, 91 %, 5 %, 83113 MiB
2026/09/12 15:07:40.085, 1, 63.10 W, 0 %, 0 %, 4 MiB
2026/09/12 15:07:40.085, 2, 64.47 W, 0 %, 0 %, 4 MiB
2026/09/12 15:07:40.085, 3, 63.54 W, 0 %, 0 %, 4 MiB
2026/09/12 15:07:41.085, 0, 181.20 W, 100 %, 7 %, 83113 MiB
2026/09/12 15:07:41.085, 1, 63.08 W, 0 %, 0 %, 4 MiB
2026/09/12 15:07:41.085, 2, 64.48 W, 0 %, 0 %, 4 MiB
2026/09/12 15:07:41.085, 3, 63.54 W, 0 %, 0 %, 4 MiB
2026/09/12 15:07:42.085, 0, 179.51 W, 100 %, 6 %, 83113 MiB
2026/09/12 15:07:42.085, 1, 63.10 W, 0 %, 0 %, 4 MiB
2026/09/12 15:07:42.085, 2, 64.52 W, 0 %, 0 %, 4 MiB
2026/09/12 15:07:42.085, 3, 63.52 W, 0 %, 0 %, 4 MiB
2026/09/12 15:07:43.085, 0, 173.62 W, 100 %, 5 %, 83113 MiB
2026/09/12 15:07:43.086, 1, 63.11 W, 0 %, 0 %, 4 MiB
2026/09/12 15:07:43.086, 2, 64.53 W, 0 %, 0 %, 4 MiB
2026/09/12 15:07:43.086, 3, 63.56 W, 0 %, 0 %, 4 MiB
2026/09/12 15:07:44.086, 0, 173.35 W, 100 %, 5 %, 83113 MiB
2026/09/12 15:07:44.086, 1, 63.09 W, 0 %, 0 %, 4 MiB
2026/09/12 15:07:44.086, 2, 64.50 W, 0 %, 0 %, 4 MiB
2026/09/12 15:07:44.086, 3, 63.54 W, 0 %, 0 %, 4 MiB
2026/09/12 15:07:45.086, 0, 134.12 W, 0 %, 0 %, 83113 MiB
2026/09/12 15:07:45.086, 1, 63.13 W, 0 %, 0 %, 4 MiB
2026/09/12 15:07:45.086, 2, 64.50 W, 0 %, 0 %, 4 MiB
2026/09/12 15:07:45.086, 3, 63.56 W, 0 %, 0 %, 4 MiB
2026/09/12 15:07:46.086, 0, 68.44 W, 0 %, 0 %, 16929 MiB
2026/09/12 15:07:46.086, 1, 63.13 W, 0 %, 0 %, 4 MiB
2026/09/12 15:07:46.086, 2, 64.53 W, 0 %, 0 %, 4 MiB
2026/09/12 15:07:46.086, 3, 63.57 W, 0 %, 0 %, 4 MiB
2026/09/12 15:07:47.086, 0, 63.09 W, 0 %, 0 %, 16929 MiB
2026/09/12 15:07:47.086, 1, 63.15 W, 0 %, 0 %, 4 MiB
2026/09/12 15:07:47.087, 2, 64.53 W, 0 %, 0 %, 4 MiB
2026/09/12 15:07:47.087, 3, 63.58 W, 0 %, 0 %, 4 MiB
2026/09/12 15:07:48.087, 0, 63.12 W, 0 %, 0 %, 531 MiB
2026/09/12 15:07:48.176, 1, 63.17 W, 0 %, 0 %, 4 MiB
2026/09/12 15:07:48.176, 2, 64.51 W, 0 %, 0 %, 4 MiB
2026/09/12 15:07:48.176, 3, 63.52 W, 0 %, 0 %, 4 MiB
2026/09/12 15:07:49.176, 0, 64.74 W, 0 %, 0 %, 531 MiB
2026/09/12 15:07:49.176, 1, 63.16 W, 0 %, 0 %, 4 MiB
2026/09/12 15:07:49.176, 2, 64.50 W, 0 %, 0 %, 4 MiB
2026/09/12 15:07:49.176, 3, 63.55 W, 0 %, 0 %, 4 MiB
2026/09/12 15:07:50.177, 0, 63.41 W, 0 %, 0 %, 531 MiB
2026/09/12 15:07:50.177, 1, 63.14 W, 0 %, 0 %, 4 MiB
2026/09/12 15:07:50.177, 2, 64.45 W, 0 %, 0 %, 4 MiB
2026/09/12 15:07:50.177, 3, 63.56 W, 0 %, 0 %, 4 MiB
2026/09/12 15:07:51.177, 0, 63.22 W, 0 %, 0 %, 531 MiB
2026/09/12 15:07:51.177, 1, 63.16 W, 0 %, 0 %, 4 MiB
2026/09/12 15:07:51.177, 2, 64.51 W, 0 %, 0 %, 4 MiB
2026/09/12 15:07:51.177, 3, 63.57 W, 0 %, 0 %, 4 MiB
2026/09/12 15:07:52.177, 0, 63.10 W, 0 %, 0 %, 531 MiB
2026/09/12 15:07:52.177, 1, 63.14 W, 0 %, 0 %, 4 MiB
2026/09/12 15:07:52.177, 2, 64.53 W, 0 %, 0 %, 4 MiB
2026/09/12 15:07:52.177, 3, 63.55 W, 0 %, 0 %, 4 MiB
2026/09/12 15:07:53.177, 0, 63.07 W, 0 %, 0 %, 531 MiB
2026/09/12 15:07:53.177, 1, 63.15 W, 0 %, 0 %, 4 MiB
2026/09/12 15:07:53.177, 2, 64.52 W, 0 %, 0 %, 4 MiB
2026/09/12 15:07:53.177, 3, 63.57 W, 0 %, 0 %, 4 MiB
2026/09/12 15:07:54.178, 0, 63.07 W, 0 %, 0 %, 531 MiB
2026/09/12 15:07:54.178, 1, 63.15 W, 0 %, 0 %, 4 MiB
2026/09/12 15:07:54.178, 2, 64.53 W, 0 %, 0 %, 4 MiB
2026/09/12 15:07:54.178, 3, 63.60 W, 0 %, 0 %, 4 MiB
2026/09/12 15:07:55.178, 0, 63.06 W, 0 %, 0 %, 531 MiB
2026/09/12 15:07:55.178, 1, 63.15 W, 0 %, 0 %, 4 MiB
2026/09/12 15:07:55.178, 2, 64.51 W, 0 %, 0 %, 4 MiB
2026/09/12 15:07:55.178, 3, 63.60 W, 0 %, 0 %, 4 MiB
2026/09/12 15:07:56.178, 0, 63.07 W, 0 %, 0 %, 531 MiB
2026/09/12 15:07:56.178, 1, 63.15 W, 0 %, 0 %, 4 MiB
2026/09/12 15:07:56.178, 2, 64.54 W, 0 %, 0 %, 4 MiB
2026/09/12 15:07:56.178, 3, 63.56 W, 0 %, 0 %, 4 MiB
2026/09/12 15:07:57.178, 0, 63.07 W, 0 %, 0 %, 531 MiB
2026/09/12 15:07:57.178, 1, 63.17 W, 0 %, 0 %, 4 MiB
2026/09/12 15:07:57.178, 2, 64.50 W, 0 %, 0 %, 4 MiB
2026/09/12 15:07:57.178, 3, 63.53 W, 0 %, 0 %, 4 MiB
2026/09/12 15:07:58.179, 0, 63.08 W, 0 %, 0 %, 531 MiB
2026/09/12 15:07:58.179, 1, 63.15 W, 0 %, 0 %, 4 MiB
2026/09/12 15:07:58.179, 2, 64.50 W, 0 %, 0 %, 4 MiB
2026/09/12 15:07:58.179, 3, 63.59 W, 0 %, 0 %, 4 MiB
2026/09/12 15:07:59.179, 0, 63.06 W, 0 %, 0 %, 531 MiB
2026/09/12 15:07:59.179, 1, 63.14 W, 0 %, 0 %, 4 MiB
2026/09/12 15:07:59.179, 2, 64.51 W, 0 %, 0 %, 4 MiB
2026/09/12 15:07:59.179, 3, 63.54 W, 0 %, 0 %, 4 MiB
2026/09/12 15:08:00.179, 0, 63.06 W, 0 %, 0 %, 531 MiB
2026/09/12 15:08:00.179, 1, 63.14 W, 0 %, 0 %, 4 MiB
2026/09/12 15:08:00.179, 2, 64.50 W, 0 %, 0 %, 4 MiB
2026/09/12 15:08:00.179, 3, 63.53 W, 0 %, 0 %, 4 MiB
2026/09/12 15:08:01.179, 0, 63.02 W, 0 %, 0 %, 531 MiB
2026/09/12 15:08:01.179, 1, 63.16 W, 0 %, 0 %, 4 MiB
2026/09/12 15:08:01.179, 2, 64.46 W, 0 %, 0 %, 4 MiB
2026/09/12 15:08:01.179, 3, 63.54 W, 0 %, 0 %, 4 MiB
2026/09/12 15:08:02.179, 0, 62.94 W, 0 %, 0 %, 531 MiB
2026/09/12 15:08:02.180, 1, 63.14 W, 0 %, 0 %, 4 MiB
2026/09/12 15:08:02.180, 2, 64.52 W, 0 %, 0 %, 4 MiB
2026/09/12 15:08:02.180, 3, 63.55 W, 0 %, 0 %, 4 MiB
2026/09/12 15:08:03.180, 0, 62.89 W, 0 %, 0 %, 531 MiB
2026/09/12 15:08:03.180, 1, 63.11 W, 0 %, 0 %, 4 MiB
2026/09/12 15:08:03.180, 2, 64.47 W, 0 %, 0 %, 4 MiB
2026/09/12 15:08:03.180, 3, 63.50 W, 0 %, 0 %, 4 MiB
2026/09/12 15:08:04.180, 0, 62.76 W, 0 %, 0 %, 531 MiB
2026/09/12 15:08:04.180, 1, 63.14 W, 0 %, 0 %, 4 MiB
2026/09/12 15:08:04.180, 2, 64.51 W, 0 %, 0 %, 4 MiB
2026/09/12 15:08:04.180, 3, 63.54 W, 0 %, 0 %, 4 MiB
2026/09/12 15:08:05.180, 0, 62.82 W, 0 %, 0 %, 1125 MiB
2026/09/12 15:08:05.180, 1, 63.13 W, 0 %, 0 %, 4 MiB
2026/09/12 15:08:05.180, 2, 64.48 W, 0 %, 0 %, 4 MiB
2026/09/12 15:08:05.180, 3, 63.58 W, 0 %, 0 %, 4 MiB
2026/09/12 15:08:06.180, 0, 62.63 W, 0 %, 0 %, 2469 MiB
2026/09/12 15:08:06.181, 1, 63.12 W, 0 %, 0 %, 4 MiB
2026/09/12 15:08:06.181, 2, 64.50 W, 0 %, 0 %, 4 MiB
2026/09/12 15:08:06.181, 3, 63.57 W, 0 %, 0 %, 4 MiB
2026/09/12 15:08:07.181, 0, 62.63 W, 16 %, 0 %, 16591 MiB
2026/09/12 15:08:07.181, 1, 63.11 W, 0 %, 0 %, 4 MiB
2026/09/12 15:08:07.181, 2, 64.49 W, 0 %, 0 %, 4 MiB
2026/09/12 15:08:07.181, 3, 63.50 W, 0 %, 0 %, 4 MiB
2026/09/12 15:08:08.181, 0, 63.21 W, 19 %, 0 %, 16591 MiB
2026/09/12 15:08:08.181, 1, 63.10 W, 0 %, 0 %, 4 MiB
2026/09/12 15:08:08.181, 2, 64.50 W, 0 %, 0 %, 4 MiB
2026/09/12 15:08:08.181, 3, 63.55 W, 0 %, 0 %, 4 MiB
2026/09/12 15:08:09.181, 0, 63.45 W, 20 %, 0 %, 16591 MiB
2026/09/12 15:08:09.181, 1, 63.15 W, 0 %, 0 %, 4 MiB
2026/09/12 15:08:09.181, 2, 64.49 W, 0 %, 0 %, 4 MiB
2026/09/12 15:08:09.181, 3, 63.51 W, 0 %, 0 %, 4 MiB
2026/09/12 15:08:10.181, 0, 62.70 W, 1 %, 0 %, 17145 MiB
2026/09/12 15:08:10.181, 1, 63.14 W, 0 %, 0 %, 4 MiB
2026/09/12 15:08:10.181, 2, 64.50 W, 0 %, 0 %, 4 MiB
2026/09/12 15:08:10.181, 3, 63.49 W, 0 %, 0 %, 4 MiB
2026/09/12 15:08:11.182, 0, 62.39 W, 0 %, 0 %, 17145 MiB
2026/09/12 15:08:11.182, 1, 63.15 W, 0 %, 0 %, 4 MiB
2026/09/12 15:08:11.182, 2, 64.49 W, 0 %, 0 %, 4 MiB
2026/09/12 15:08:11.182, 3, 63.49 W, 0 %, 0 %, 4 MiB
2026/09/12 15:08:12.182, 0, 62.35 W, 0 %, 0 %, 17145 MiB
2026/09/12 15:08:12.182, 1, 63.15 W, 0 %, 0 %, 4 MiB
2026/09/12 15:08:12.182, 2, 64.48 W, 0 %, 0 %, 4 MiB
2026/09/12 15:08:12.182, 3, 63.47 W, 0 %, 0 %, 4 MiB
2026/09/12 15:08:13.182, 0, 62.33 W, 0 %, 0 %, 17145 MiB
2026/09/12 15:08:13.182, 1, 63.12 W, 0 %, 0 %, 4 MiB
2026/09/12 15:08:13.182, 2, 64.44 W, 0 %, 0 %, 4 MiB
2026/09/12 15:08:13.182, 3, 63.49 W, 0 %, 0 %, 4 MiB
2026/09/12 15:08:14.182, 0, 62.32 W, 0 %, 0 %, 17145 MiB
2026/09/12 15:08:14.182, 1, 63.16 W, 0 %, 0 %, 4 MiB
2026/09/12 15:08:14.182, 2, 64.48 W, 0 %, 0 %, 4 MiB
2026/09/12 15:08:14.182, 3, 63.49 W, 0 %, 0 %, 4 MiB
2026/09/12 15:08:15.182, 0, 62.32 W, 0 %, 0 %, 17145 MiB
2026/09/12 15:08:15.182, 1, 63.13 W, 0 %, 0 %, 4 MiB
2026/09/12 15:08:15.182, 2, 64.46 W, 0 %, 0 %, 4 MiB
2026/09/12 15:08:15.182, 3, 63.51 W, 0 %, 0 %, 4 MiB
2026/09/12 15:08:16.182, 0, 62.22 W, 0 %, 0 %, 17145 MiB
2026/09/12 15:08:16.182, 1, 63.14 W, 0 %, 0 %, 4 MiB
2026/09/12 15:08:16.182, 2, 64.48 W, 0 %, 0 %, 4 MiB
2026/09/12 15:08:16.182, 3, 63.46 W, 0 %, 0 %, 4 MiB
2026/09/12 15:08:17.182, 0, 62.19 W, 0 %, 0 %, 17145 MiB
2026/09/12 15:08:17.182, 1, 63.13 W, 0 %, 0 %, 4 MiB
2026/09/12 15:08:17.182, 2, 64.45 W, 0 %, 0 %, 4 MiB
2026/09/12 15:08:17.182, 3, 63.48 W, 0 %, 0 %, 4 MiB
2026/09/12 15:08:18.182, 0, 62.17 W, 0 %, 0 %, 17145 MiB
2026/09/12 15:08:18.182, 1, 63.14 W, 0 %, 0 %, 4 MiB
2026/09/12 15:08:18.183, 2, 64.52 W, 0 %, 0 %, 4 MiB
2026/09/12 15:08:18.183, 3, 63.44 W, 0 %, 0 %, 4 MiB
2026/09/12 15:08:19.183, 0, 62.16 W, 0 %, 0 %, 17145 MiB
2026/09/12 15:08:19.183, 1, 63.12 W, 0 %, 0 %, 4 MiB
2026/09/12 15:08:19.183, 2, 64.45 W, 0 %, 0 %, 4 MiB
2026/09/12 15:08:19.183, 3, 63.48 W, 0 %, 0 %, 4 MiB
2026/09/12 15:08:20.183, 0, 72.52 W, 18 %, 1 %, 20055 MiB
2026/09/12 15:08:20.183, 1, 63.15 W, 0 %, 0 %, 4 MiB
2026/09/12 15:08:20.183, 2, 64.46 W, 0 %, 0 %, 4 MiB
2026/09/12 15:08:20.183, 3, 63.49 W, 0 %, 0 %, 4 MiB
2026/09/12 15:08:21.183, 0, 75.53 W, 0 %, 0 %, 20055 MiB
2026/09/12 15:08:21.183, 1, 63.15 W, 0 %, 0 %, 4 MiB
2026/09/12 15:08:21.183, 2, 64.45 W, 0 %, 0 %, 4 MiB
2026/09/12 15:08:21.183, 3, 63.50 W, 0 %, 0 %, 4 MiB
2026/09/12 15:08:22.183, 0, 70.56 W, 95 %, 24 %, 21079 MiB
2026/09/12 15:08:22.183, 1, 63.15 W, 0 %, 0 %, 4 MiB
2026/09/12 15:08:22.183, 2, 64.46 W, 0 %, 0 %, 4 MiB
2026/09/12 15:08:22.183, 3, 63.47 W, 0 %, 0 %, 4 MiB
2026/09/12 15:08:23.183, 0, 81.45 W, 0 %, 0 %, 21079 MiB
2026/09/12 15:08:23.183, 1, 63.13 W, 0 %, 0 %, 4 MiB
2026/09/12 15:08:23.183, 2, 64.50 W, 0 %, 0 %, 4 MiB
2026/09/12 15:08:23.183, 3, 63.49 W, 0 %, 0 %, 4 MiB
2026/09/12 15:08:24.183, 0, 62.09 W, 0 %, 0 %, 21079 MiB
2026/09/12 15:08:24.183, 1, 63.13 W, 0 %, 0 %, 4 MiB
2026/09/12 15:08:24.184, 2, 64.48 W, 0 %, 0 %, 4 MiB
2026/09/12 15:08:24.184, 3, 63.52 W, 0 %, 0 %, 4 MiB
2026/09/12 15:08:25.184, 0, 62.08 W, 0 %, 0 %, 21079 MiB
2026/09/12 15:08:25.184, 1, 63.15 W, 0 %, 0 %, 4 MiB
2026/09/12 15:08:25.184, 2, 64.47 W, 0 %, 0 %, 4 MiB
2026/09/12 15:08:25.184, 3, 63.53 W, 0 %, 0 %, 4 MiB
2026/09/12 15:08:26.184, 0, 133.43 W, 86 %, 15 %, 31831 MiB
2026/09/12 15:08:26.184, 1, 63.13 W, 0 %, 0 %, 4 MiB
2026/09/12 15:08:26.184, 2, 64.48 W, 0 %, 0 %, 4 MiB
2026/09/12 15:08:26.184, 3, 63.51 W, 0 %, 0 %, 4 MiB
2026/09/12 15:08:27.184, 0, 68.13 W, 0 %, 0 %, 31831 MiB
2026/09/12 15:08:27.184, 1, 63.15 W, 0 %, 0 %, 4 MiB
2026/09/12 15:08:27.184, 2, 64.46 W, 0 %, 0 %, 4 MiB
2026/09/12 15:08:27.184, 3, 63.53 W, 0 %, 0 %, 4 MiB
2026/09/12 15:08:28.184, 0, 85.75 W, 0 %, 0 %, 31831 MiB
2026/09/12 15:08:28.184, 1, 63.12 W, 0 %, 0 %, 4 MiB
2026/09/12 15:08:28.184, 2, 64.48 W, 0 %, 0 %, 4 MiB
2026/09/12 15:08:28.184, 3, 63.50 W, 0 %, 0 %, 4 MiB
2026/09/12 15:08:29.184, 0, 62.11 W, 0 %, 0 %, 31831 MiB
2026/09/12 15:08:29.184, 1, 63.17 W, 0 %, 0 %, 4 MiB
2026/09/12 15:08:29.184, 2, 64.47 W, 0 %, 0 %, 4 MiB
2026/09/12 15:08:29.184, 3, 63.52 W, 0 %, 0 %, 4 MiB
2026/09/12 15:08:30.184, 0, 62.03 W, 0 %, 0 %, 31831 MiB
2026/09/12 15:08:30.185, 1, 63.16 W, 0 %, 0 %, 4 MiB
2026/09/12 15:08:30.185, 2, 64.46 W, 0 %, 0 %, 4 MiB
2026/09/12 15:08:30.185, 3, 63.49 W, 0 %, 0 %, 4 MiB
2026/09/12 15:08:31.185, 0, 62.01 W, 0 %, 0 %, 31831 MiB
2026/09/12 15:08:31.185, 1, 63.13 W, 0 %, 0 %, 4 MiB
2026/09/12 15:08:31.185, 2, 64.44 W, 0 %, 0 %, 4 MiB
2026/09/12 15:08:31.185, 3, 63.48 W, 0 %, 0 %, 4 MiB
2026/09/12 15:08:32.185, 0, 74.53 W, 100 %, 10 %, 35481 MiB
2026/09/12 15:08:32.185, 1, 63.16 W, 0 %, 0 %, 4 MiB
2026/09/12 15:08:32.185, 2, 64.48 W, 0 %, 0 %, 4 MiB
2026/09/12 15:08:32.185, 3, 63.50 W, 0 %, 0 %, 4 MiB
2026/09/12 15:08:33.185, 0, 174.25 W, 100 %, 11 %, 35481 MiB
2026/09/12 15:08:33.185, 1, 63.08 W, 0 %, 0 %, 4 MiB
2026/09/12 15:08:33.185, 2, 64.44 W, 0 %, 0 %, 4 MiB
2026/09/12 15:08:33.185, 3, 63.51 W, 0 %, 0 %, 4 MiB
2026/09/12 15:08:34.185, 0, 174.65 W, 100 %, 10 %, 35481 MiB
2026/09/12 15:08:34.185, 1, 63.08 W, 0 %, 0 %, 4 MiB
2026/09/12 15:08:34.185, 2, 64.46 W, 0 %, 0 %, 4 MiB
2026/09/12 15:08:34.186, 3, 63.56 W, 0 %, 0 %, 4 MiB
2026/09/12 15:08:35.186, 0, 175.36 W, 100 %, 9 %, 35481 MiB
2026/09/12 15:08:35.186, 1, 63.10 W, 0 %, 0 %, 4 MiB
2026/09/12 15:08:35.186, 2, 64.45 W, 0 %, 0 %, 4 MiB
2026/09/12 15:08:35.186, 3, 63.57 W, 0 %, 0 %, 4 MiB
2026/09/12 15:08:36.186, 0, 174.92 W, 100 %, 10 %, 35481 MiB
2026/09/12 15:08:36.186, 1, 63.09 W, 0 %, 0 %, 4 MiB
2026/09/12 15:08:36.186, 2, 64.50 W, 0 %, 0 %, 4 MiB
2026/09/12 15:08:36.186, 3, 63.56 W, 0 %, 0 %, 4 MiB
2026/09/12 15:08:37.186, 0, 174.68 W, 100 %, 10 %, 35481 MiB
2026/09/12 15:08:37.186, 1, 63.09 W, 0 %, 0 %, 4 MiB
2026/09/12 15:08:37.186, 2, 64.53 W, 0 %, 0 %, 4 MiB
2026/09/12 15:08:37.186, 3, 63.55 W, 0 %, 0 %, 4 MiB
2026/09/12 15:08:38.186, 0, 175.30 W, 100 %, 11 %, 35481 MiB
2026/09/12 15:08:38.186, 1, 63.10 W, 0 %, 0 %, 4 MiB
2026/09/12 15:08:38.186, 2, 64.50 W, 0 %, 0 %, 4 MiB
2026/09/12 15:08:38.186, 3, 63.62 W, 0 %, 0 %, 4 MiB
2026/09/12 15:08:39.186, 0, 175.65 W, 100 %, 11 %, 35481 MiB
2026/09/12 15:08:39.187, 1, 63.09 W, 0 %, 0 %, 4 MiB
2026/09/12 15:08:39.187, 2, 64.50 W, 0 %, 0 %, 4 MiB
2026/09/12 15:08:39.187, 3, 63.54 W, 0 %, 0 %, 4 MiB
2026/09/12 15:08:40.187, 0, 175.17 W, 100 %, 9 %, 35481 MiB
2026/09/12 15:08:40.187, 1, 63.09 W, 0 %, 0 %, 4 MiB
2026/09/12 15:08:40.187, 2, 64.50 W, 0 %, 0 %, 4 MiB
2026/09/12 15:08:40.187, 3, 63.51 W, 0 %, 0 %, 4 MiB
2026/09/12 15:08:41.187, 0, 174.57 W, 100 %, 8 %, 35481 MiB
2026/09/12 15:08:41.187, 1, 63.10 W, 0 %, 0 %, 4 MiB
2026/09/12 15:08:41.187, 2, 64.49 W, 0 %, 0 %, 4 MiB
2026/09/12 15:08:41.187, 3, 63.58 W, 0 %, 0 %, 4 MiB
2026/09/12 15:08:42.187, 0, 174.56 W, 100 %, 8 %, 35481 MiB
2026/09/12 15:08:42.187, 1, 63.09 W, 0 %, 0 %, 4 MiB
2026/09/12 15:08:42.187, 2, 64.47 W, 0 %, 0 %, 4 MiB
2026/09/12 15:08:42.187, 3, 63.58 W, 0 %, 0 %, 4 MiB
2026/09/12 15:08:43.187, 0, 155.43 W, 0 %, 0 %, 35481 MiB
2026/09/12 15:08:43.188, 1, 63.09 W, 0 %, 0 %, 4 MiB
2026/09/12 15:08:43.188, 2, 64.51 W, 0 %, 0 %, 4 MiB
2026/09/12 15:08:43.188, 3, 63.54 W, 0 %, 0 %, 4 MiB
2026/09/12 15:08:44.188, 0, 63.04 W, 0 %, 0 %, 35481 MiB
2026/09/12 15:08:44.188, 1, 63.17 W, 0 %, 0 %, 4 MiB
2026/09/12 15:08:44.188, 2, 64.46 W, 0 %, 0 %, 4 MiB
2026/09/12 15:08:44.188, 3, 63.54 W, 0 %, 0 %, 4 MiB
2026/09/12 15:08:45.188, 0, 64.24 W, 0 %, 0 %, 18899 MiB
2026/09/12 15:08:45.188, 1, 63.15 W, 0 %, 0 %, 4 MiB
2026/09/12 15:08:45.188, 2, 64.51 W, 0 %, 0 %, 4 MiB
2026/09/12 15:08:45.188, 3, 63.60 W, 0 %, 0 %, 4 MiB
2026/09/12 15:08:46.188, 0, 102.10 W, 84 %, 6 %, 18489 MiB
2026/09/12 15:08:46.188, 1, 63.11 W, 0 %, 0 %, 4 MiB
2026/09/12 15:08:46.188, 2, 64.53 W, 0 %, 0 %, 4 MiB
2026/09/12 15:08:46.188, 3, 63.60 W, 0 %, 0 %, 4 MiB
2026/09/12 15:08:47.188, 0, 101.79 W, 66 %, 7 %, 18793 MiB
2026/09/12 15:08:47.188, 1, 63.11 W, 0 %, 0 %, 4 MiB
2026/09/12 15:08:47.188, 2, 64.50 W, 0 %, 0 %, 4 MiB
2026/09/12 15:08:47.188, 3, 63.56 W, 0 %, 0 %, 4 MiB
2026/09/12 15:08:48.189, 0, 97.21 W, 60 %, 6 %, 18659 MiB
2026/09/12 15:08:48.189, 1, 63.10 W, 0 %, 0 %, 4 MiB
2026/09/12 15:08:48.189, 2, 64.50 W, 0 %, 0 %, 4 MiB
2026/09/12 15:08:48.189, 3, 63.60 W, 0 %, 0 %, 4 MiB
2026/09/12 15:08:49.189, 0, 93.22 W, 39 %, 6 %, 18621 MiB
2026/09/12 15:08:49.189, 1, 63.13 W, 0 %, 0 %, 4 MiB
2026/09/12 15:08:49.189, 2, 64.52 W, 0 %, 0 %, 4 MiB
2026/09/12 15:08:49.189, 3, 63.53 W, 0 %, 0 %, 4 MiB
2026/09/12 15:08:50.189, 0, 88.48 W, 44 %, 8 %, 19207 MiB
2026/09/12 15:08:50.189, 1, 63.07 W, 0 %, 0 %, 4 MiB
2026/09/12 15:08:50.189, 2, 64.50 W, 0 %, 0 %, 4 MiB
2026/09/12 15:08:50.189, 3, 63.50 W, 0 %, 0 %, 4 MiB
2026/09/12 15:08:51.189, 0, 76.65 W, 0 %, 0 %, 67665 MiB
2026/09/12 15:08:51.189, 1, 63.14 W, 0 %, 0 %, 4 MiB
2026/09/12 15:08:51.189, 2, 64.51 W, 0 %, 0 %, 4 MiB
2026/09/12 15:08:51.189, 3, 63.60 W, 0 %, 0 %, 4 MiB
2026/09/12 15:08:52.190, 0, 120.54 W, 100 %, 9 %, 86865 MiB
2026/09/12 15:08:52.190, 1, 63.10 W, 0 %, 0 %, 4 MiB
2026/09/12 15:08:52.190, 2, 64.52 W, 0 %, 0 %, 4 MiB
2026/09/12 15:08:52.190, 3, 63.62 W, 0 %, 0 %, 4 MiB
2026/09/12 15:08:53.190, 0, 173.53 W, 100 %, 10 %, 86865 MiB
2026/09/12 15:08:53.190, 1, 63.09 W, 0 %, 0 %, 4 MiB
2026/09/12 15:08:53.190, 2, 64.52 W, 0 %, 0 %, 4 MiB
2026/09/12 15:08:53.190, 3, 63.56 W, 0 %, 0 %, 4 MiB
2026/09/12 15:08:54.190, 0, 173.95 W, 100 %, 11 %, 86865 MiB
2026/09/12 15:08:54.190, 1, 63.09 W, 0 %, 0 %, 4 MiB
2026/09/12 15:08:54.190, 2, 64.51 W, 0 %, 0 %, 4 MiB
2026/09/12 15:08:54.190, 3, 63.61 W, 0 %, 0 %, 4 MiB
2026/09/12 15:08:55.190, 0, 175.03 W, 100 %, 9 %, 86865 MiB
2026/09/12 15:08:55.190, 1, 63.08 W, 0 %, 0 %, 4 MiB
2026/09/12 15:08:55.190, 2, 64.52 W, 0 %, 0 %, 4 MiB
2026/09/12 15:08:55.190, 3, 63.60 W, 0 %, 0 %, 4 MiB
2026/09/12 15:08:56.191, 0, 173.91 W, 100 %, 10 %, 86865 MiB
2026/09/12 15:08:56.191, 1, 63.11 W, 0 %, 0 %, 4 MiB
2026/09/12 15:08:56.191, 2, 64.52 W, 0 %, 0 %, 4 MiB
2026/09/12 15:08:56.191, 3, 63.60 W, 0 %, 0 %, 4 MiB
2026/09/12 15:08:57.191, 0, 174.79 W, 100 %, 11 %, 86865 MiB
2026/09/12 15:08:57.191, 1, 63.09 W, 0 %, 0 %, 4 MiB
2026/09/12 15:08:57.191, 2, 64.52 W, 0 %, 0 %, 4 MiB
2026/09/12 15:08:57.191, 3, 63.58 W, 0 %, 0 %, 4 MiB
2026/09/12 15:08:58.191, 0, 174.47 W, 100 %, 8 %, 86865 MiB
2026/09/12 15:08:58.191, 1, 63.10 W, 0 %, 0 %, 4 MiB
2026/09/12 15:08:58.191, 2, 64.54 W, 0 %, 0 %, 4 MiB
2026/09/12 15:08:58.191, 3, 63.63 W, 0 %, 0 %, 4 MiB
2026/09/12 15:08:59.191, 0, 173.88 W, 100 %, 8 %, 86865 MiB
2026/09/12 15:08:59.191, 1, 63.10 W, 0 %, 0 %, 4 MiB
2026/09/12 15:08:59.191, 2, 64.53 W, 0 %, 0 %, 4 MiB
2026/09/12 15:08:59.191, 3, 63.57 W, 0 %, 0 %, 4 MiB
2026/09/12 15:09:00.191, 0, 173.96 W, 100 %, 9 %, 86865 MiB
2026/09/12 15:09:00.191, 1, 63.09 W, 0 %, 0 %, 4 MiB
2026/09/12 15:09:00.191, 2, 64.49 W, 0 %, 0 %, 4 MiB
2026/09/12 15:09:00.191, 3, 63.58 W, 0 %, 0 %, 4 MiB
2026/09/12 15:09:01.191, 0, 173.68 W, 100 %, 10 %, 86865 MiB
2026/09/12 15:09:01.192, 1, 63.09 W, 0 %, 0 %, 4 MiB
2026/09/12 15:09:01.192, 2, 64.49 W, 0 %, 0 %, 4 MiB
2026/09/12 15:09:01.192, 3, 63.56 W, 0 %, 0 %, 4 MiB
2026/09/12 15:09:02.192, 0, 174.07 W, 100 %, 11 %, 86865 MiB
2026/09/12 15:09:02.192, 1, 63.09 W, 0 %, 0 %, 4 MiB
2026/09/12 15:09:02.192, 2, 64.50 W, 0 %, 0 %, 4 MiB
2026/09/12 15:09:02.192, 3, 63.56 W, 0 %, 0 %, 4 MiB
2026/09/12 15:09:03.192, 0, 150.24 W, 92 %, 7 %, 67731 MiB
2026/09/12 15:09:03.192, 1, 63.10 W, 0 %, 0 %, 4 MiB
2026/09/12 15:09:03.192, 2, 64.51 W, 0 %, 0 %, 4 MiB
2026/09/12 15:09:03.192, 3, 63.55 W, 0 %, 0 %, 4 MiB
2026/09/12 15:09:04.192, 0, 106.49 W, 83 %, 6 %, 67909 MiB
2026/09/12 15:09:04.192, 1, 63.11 W, 0 %, 0 %, 4 MiB
2026/09/12 15:09:04.192, 2, 64.51 W, 0 %, 0 %, 4 MiB
2026/09/12 15:09:04.192, 3, 63.57 W, 0 %, 0 %, 4 MiB
2026/09/12 15:09:05.192, 0, 103.21 W, 77 %, 8 %, 67841 MiB
2026/09/12 15:09:05.192, 1, 63.10 W, 0 %, 0 %, 4 MiB
2026/09/12 15:09:05.192, 2, 64.51 W, 0 %, 0 %, 4 MiB
2026/09/12 15:09:05.192, 3, 63.55 W, 0 %, 0 %, 4 MiB
2026/09/12 15:09:06.192, 0, 99.07 W, 60 %, 9 %, 67737 MiB
2026/09/12 15:09:06.193, 1, 63.13 W, 0 %, 0 %, 4 MiB
2026/09/12 15:09:06.193, 2, 64.51 W, 0 %, 0 %, 4 MiB
2026/09/12 15:09:06.193, 3, 63.52 W, 0 %, 0 %, 4 MiB
2026/09/12 15:09:07.193, 0, 92.10 W, 31 %, 10 %, 67743 MiB
2026/09/12 15:09:07.193, 1, 63.08 W, 0 %, 0 %, 4 MiB
2026/09/12 15:09:07.193, 2, 64.53 W, 0 %, 0 %, 4 MiB
2026/09/12 15:09:07.193, 3, 63.56 W, 0 %, 0 %, 4 MiB
2026/09/12 15:09:08.193, 0, 123.49 W, 76 %, 8 %, 68315 MiB
2026/09/12 15:09:08.193, 1, 63.07 W, 0 %, 0 %, 4 MiB
2026/09/12 15:09:08.193, 2, 64.47 W, 0 %, 0 %, 4 MiB
2026/09/12 15:09:08.193, 3, 63.58 W, 0 %, 0 %, 4 MiB
2026/09/12 15:09:09.193, 0, 122.70 W, 70 %, 14 %, 68039 MiB
2026/09/12 15:09:09.193, 1, 63.10 W, 0 %, 0 %, 4 MiB
2026/09/12 15:09:09.193, 2, 64.46 W, 0 %, 0 %, 4 MiB
2026/09/12 15:09:09.193, 3, 63.52 W, 0 %, 0 %, 4 MiB
2026/09/12 15:09:10.193, 0, 93.40 W, 0 %, 0 %, 68065 MiB
2026/09/12 15:09:10.194, 1, 63.08 W, 0 %, 0 %, 4 MiB
2026/09/12 15:09:10.194, 2, 64.49 W, 0 %, 0 %, 4 MiB
2026/09/12 15:09:10.194, 3, 63.61 W, 0 %, 0 %, 4 MiB
2026/09/12 15:09:11.194, 0, 86.86 W, 100 %, 9 %, 69115 MiB
2026/09/12 15:09:11.194, 1, 63.15 W, 0 %, 0 %, 4 MiB
2026/09/12 15:09:11.194, 2, 64.51 W, 0 %, 0 %, 4 MiB
2026/09/12 15:09:11.194, 3, 63.59 W, 0 %, 0 %, 4 MiB
2026/09/12 15:09:12.194, 0, 63.62 W, 2 %, 1 %, 69115 MiB
2026/09/12 15:09:12.194, 1, 63.15 W, 0 %, 0 %, 4 MiB
2026/09/12 15:09:12.194, 2, 64.51 W, 0 %, 0 %, 4 MiB
2026/09/12 15:09:12.194, 3, 63.60 W, 0 %, 0 %, 4 MiB
2026/09/12 15:09:13.194, 0, 64.08 W, 0 %, 0 %, 70121 MiB
2026/09/12 15:09:13.194, 1, 63.16 W, 0 %, 0 %, 4 MiB
2026/09/12 15:09:13.194, 2, 64.54 W, 0 %, 0 %, 4 MiB
2026/09/12 15:09:13.194, 3, 63.56 W, 0 %, 0 %, 4 MiB
2026/09/12 15:09:14.194, 0, 83.14 W, 0 %, 0 %, 70123 MiB
2026/09/12 15:09:14.194, 1, 63.16 W, 0 %, 0 %, 4 MiB
2026/09/12 15:09:14.194, 2, 64.49 W, 0 %, 0 %, 4 MiB
2026/09/12 15:09:14.194, 3, 63.57 W, 0 %, 0 %, 4 MiB
2026/09/12 15:09:15.195, 0, 62.94 W, 0 %, 0 %, 70123 MiB
2026/09/12 15:09:15.195, 1, 63.15 W, 0 %, 0 %, 4 MiB
2026/09/12 15:09:15.195, 2, 64.50 W, 0 %, 0 %, 4 MiB
2026/09/12 15:09:15.195, 3, 63.55 W, 0 %, 0 %, 4 MiB
2026/09/12 15:09:16.195, 0, 62.78 W, 0 %, 0 %, 70123 MiB
2026/09/12 15:09:16.195, 1, 63.16 W, 0 %, 0 %, 4 MiB
2026/09/12 15:09:16.195, 2, 64.52 W, 0 %, 0 %, 4 MiB
2026/09/12 15:09:16.195, 3, 63.57 W, 0 %, 0 %, 4 MiB
2026/09/12 15:09:17.195, 0, 147.35 W, 100 %, 6 %, 82795 MiB
2026/09/12 15:09:17.195, 1, 63.10 W, 0 %, 0 %, 4 MiB
2026/09/12 15:09:17.195, 2, 64.50 W, 0 %, 0 %, 4 MiB
2026/09/12 15:09:17.195, 3, 63.56 W, 0 %, 0 %, 4 MiB
2026/09/12 15:09:18.195, 0, 176.68 W, 100 %, 4 %, 82795 MiB
2026/09/12 15:09:18.195, 1, 63.07 W, 0 %, 0 %, 4 MiB
2026/09/12 15:09:18.195, 2, 64.50 W, 0 %, 0 %, 4 MiB
2026/09/12 15:09:18.195, 3, 63.60 W, 0 %, 0 %, 4 MiB
2026/09/12 15:09:19.196, 0, 176.45 W, 100 %, 6 %, 82795 MiB
2026/09/12 15:09:19.196, 1, 63.09 W, 0 %, 0 %, 4 MiB
2026/09/12 15:09:19.196, 2, 64.50 W, 0 %, 0 %, 4 MiB
2026/09/12 15:09:19.196, 3, 63.58 W, 0 %, 0 %, 4 MiB
2026/09/12 15:09:20.196, 0, 177.84 W, 100 %, 8 %, 82795 MiB
2026/09/12 15:09:20.196, 1, 63.08 W, 0 %, 0 %, 4 MiB
2026/09/12 15:09:20.196, 2, 64.50 W, 0 %, 0 %, 4 MiB
2026/09/12 15:09:20.196, 3, 63.59 W, 0 %, 0 %, 4 MiB
2026/09/12 15:09:21.196, 0, 177.07 W, 100 %, 4 %, 82795 MiB
2026/09/12 15:09:21.196, 1, 63.08 W, 0 %, 0 %, 4 MiB
2026/09/12 15:09:21.196, 2, 64.51 W, 0 %, 0 %, 4 MiB
2026/09/12 15:09:21.196, 3, 63.57 W, 0 %, 0 %, 4 MiB
2026/09/12 15:09:22.196, 0, 176.82 W, 100 %, 6 %, 82795 MiB
2026/09/12 15:09:22.196, 1, 63.10 W, 0 %, 0 %, 4 MiB
2026/09/12 15:09:22.196, 2, 64.50 W, 0 %, 0 %, 4 MiB
2026/09/12 15:09:22.196, 3, 63.58 W, 0 %, 0 %, 4 MiB
2026/09/12 15:09:23.196, 0, 175.29 W, 100 %, 0 %, 82795 MiB
2026/09/12 15:09:23.197, 1, 63.09 W, 0 %, 0 %, 4 MiB
2026/09/12 15:09:23.197, 2, 64.50 W, 0 %, 0 %, 4 MiB
2026/09/12 15:09:23.197, 3, 63.60 W, 0 %, 0 %, 4 MiB
2026/09/12 15:09:24.197, 0, 178.55 W, 100 %, 7 %, 82795 MiB
2026/09/12 15:09:24.197, 1, 63.08 W, 0 %, 0 %, 4 MiB
2026/09/12 15:09:24.197, 2, 64.52 W, 0 %, 0 %, 4 MiB
2026/09/12 15:09:24.197, 3, 63.62 W, 0 %, 0 %, 4 MiB
2026/09/12 15:09:25.197, 0, 179.04 W, 100 %, 10 %, 82795 MiB
2026/09/12 15:09:25.197, 1, 63.09 W, 0 %, 0 %, 4 MiB
2026/09/12 15:09:25.197, 2, 64.53 W, 0 %, 0 %, 4 MiB
2026/09/12 15:09:25.197, 3, 63.53 W, 0 %, 0 %, 4 MiB
2026/09/12 15:09:26.197, 0, 177.39 W, 100 %, 6 %, 82795 MiB
2026/09/12 15:09:26.197, 1, 63.10 W, 0 %, 0 %, 4 MiB
2026/09/12 15:09:26.197, 2, 64.45 W, 0 %, 0 %, 4 MiB
2026/09/12 15:09:26.197, 3, 63.52 W, 0 %, 0 %, 4 MiB
2026/09/12 15:09:27.197, 0, 174.58 W, 100 %, 0 %, 82795 MiB
2026/09/12 15:09:27.198, 1, 63.08 W, 0 %, 0 %, 4 MiB
2026/09/12 15:09:27.198, 2, 64.50 W, 0 %, 0 %, 4 MiB
2026/09/12 15:09:27.198, 3, 63.59 W, 0 %, 0 %, 4 MiB
2026/09/12 15:09:28.198, 0, 178.82 W, 100 %, 7 %, 82795 MiB
2026/09/12 15:09:28.198, 1, 63.10 W, 0 %, 0 %, 4 MiB
2026/09/12 15:09:28.198, 2, 64.52 W, 0 %, 0 %, 4 MiB
2026/09/12 15:09:28.198, 3, 63.61 W, 0 %, 0 %, 4 MiB
2026/09/12 15:09:29.198, 0, 178.97 W, 100 %, 10 %, 82795 MiB
2026/09/12 15:09:29.198, 1, 63.08 W, 0 %, 0 %, 4 MiB
2026/09/12 15:09:29.198, 2, 64.48 W, 0 %, 0 %, 4 MiB
2026/09/12 15:09:29.198, 3, 63.58 W, 0 %, 0 %, 4 MiB
2026/09/12 15:09:30.198, 0, 177.30 W, 100 %, 6 %, 82795 MiB
2026/09/12 15:09:30.198, 1, 63.09 W, 0 %, 0 %, 4 MiB
2026/09/12 15:09:30.198, 2, 64.50 W, 0 %, 0 %, 4 MiB
2026/09/12 15:09:30.198, 3, 63.53 W, 0 %, 0 %, 4 MiB
2026/09/12 15:09:31.198, 0, 175.15 W, 100 %, 0 %, 82795 MiB
2026/09/12 15:09:31.199, 1, 63.09 W, 0 %, 0 %, 4 MiB
2026/09/12 15:09:31.199, 2, 64.50 W, 0 %, 0 %, 4 MiB
2026/09/12 15:09:31.199, 3, 63.60 W, 0 %, 0 %, 4 MiB
2026/09/12 15:09:32.199, 0, 178.89 W, 100 %, 8 %, 82795 MiB
2026/09/12 15:09:32.199, 1, 63.09 W, 0 %, 0 %, 4 MiB
2026/09/12 15:09:32.199, 2, 64.50 W, 0 %, 0 %, 4 MiB
2026/09/12 15:09:32.199, 3, 63.51 W, 0 %, 0 %, 4 MiB
2026/09/12 15:09:33.199, 0, 178.92 W, 100 %, 10 %, 82795 MiB
2026/09/12 15:09:33.199, 1, 63.08 W, 0 %, 0 %, 4 MiB
2026/09/12 15:09:33.199, 2, 64.52 W, 0 %, 0 %, 4 MiB
2026/09/12 15:09:33.199, 3, 63.59 W, 0 %, 0 %, 4 MiB
2026/09/12 15:09:34.199, 0, 176.41 W, 100 %, 6 %, 82795 MiB
2026/09/12 15:09:34.199, 1, 63.09 W, 0 %, 0 %, 4 MiB
2026/09/12 15:09:34.199, 2, 64.48 W, 0 %, 0 %, 4 MiB
2026/09/12 15:09:34.199, 3, 63.60 W, 0 %, 0 %, 4 MiB
2026/09/12 15:09:35.199, 0, 174.38 W, 100 %, 0 %, 82795 MiB
2026/09/12 15:09:35.199, 1, 63.08 W, 0 %, 0 %, 4 MiB
2026/09/12 15:09:35.199, 2, 64.51 W, 0 %, 0 %, 4 MiB
2026/09/12 15:09:35.199, 3, 63.59 W, 0 %, 0 %, 4 MiB
2026/09/12 15:09:36.200, 0, 171.62 W, 100 %, 4 %, 82795 MiB
2026/09/12 15:09:36.200, 1, 63.08 W, 0 %, 0 %, 4 MiB
2026/09/12 15:09:36.200, 2, 64.49 W, 0 %, 0 %, 4 MiB
2026/09/12 15:09:36.200, 3, 63.58 W, 0 %, 0 %, 4 MiB
2026/09/12 15:09:37.200, 0, 178.38 W, 100 %, 8 %, 82795 MiB
2026/09/12 15:09:37.200, 1, 63.10 W, 0 %, 0 %, 4 MiB
2026/09/12 15:09:37.200, 2, 64.48 W, 0 %, 0 %, 4 MiB
2026/09/12 15:09:37.200, 3, 63.59 W, 0 %, 0 %, 4 MiB
2026/09/12 15:09:38.200, 0, 178.67 W, 100 %, 6 %, 82795 MiB
2026/09/12 15:09:38.200, 1, 63.08 W, 0 %, 0 %, 4 MiB
2026/09/12 15:09:38.200, 2, 64.50 W, 0 %, 0 %, 4 MiB
2026/09/12 15:09:38.200, 3, 63.55 W, 0 %, 0 %, 4 MiB
2026/09/12 15:09:39.200, 0, 176.99 W, 100 %, 4 %, 82795 MiB
2026/09/12 15:09:39.200, 1, 63.09 W, 0 %, 0 %, 4 MiB
2026/09/12 15:09:39.200, 2, 64.43 W, 0 %, 0 %, 4 MiB
2026/09/12 15:09:39.200, 3, 63.55 W, 0 %, 0 %, 4 MiB
2026/09/12 15:09:40.201, 0, 176.13 W, 100 %, 6 %, 82795 MiB
2026/09/12 15:09:40.201, 1, 63.10 W, 0 %, 0 %, 4 MiB
2026/09/12 15:09:40.201, 2, 64.50 W, 0 %, 0 %, 4 MiB
2026/09/12 15:09:40.201, 3, 63.48 W, 0 %, 0 %, 4 MiB
2026/09/12 15:09:41.201, 0, 177.31 W, 100 %, 11 %, 82795 MiB
2026/09/12 15:09:41.201, 1, 63.08 W, 0 %, 0 %, 4 MiB
2026/09/12 15:09:41.201, 2, 64.47 W, 0 %, 0 %, 4 MiB
2026/09/12 15:09:41.201, 3, 63.62 W, 0 %, 0 %, 4 MiB
2026/09/12 15:09:42.201, 0, 174.52 W, 100 %, 2 %, 82795 MiB
2026/09/12 15:09:42.201, 1, 63.09 W, 0 %, 0 %, 4 MiB
2026/09/12 15:09:42.201, 2, 64.52 W, 0 %, 0 %, 4 MiB
2026/09/12 15:09:42.201, 3, 63.58 W, 0 %, 0 %, 4 MiB
2026/09/12 15:09:43.201, 0, 176.41 W, 100 %, 2 %, 82795 MiB
2026/09/12 15:09:43.201, 1, 63.10 W, 0 %, 0 %, 4 MiB
2026/09/12 15:09:43.201, 2, 64.52 W, 0 %, 0 %, 4 MiB
2026/09/12 15:09:43.201, 3, 63.55 W, 0 %, 0 %, 4 MiB
2026/09/12 15:09:44.201, 0, 178.71 W, 100 %, 8 %, 82795 MiB
2026/09/12 15:09:44.202, 1, 63.07 W, 0 %, 0 %, 4 MiB
2026/09/12 15:09:44.202, 2, 64.49 W, 0 %, 0 %, 4 MiB
2026/09/12 15:09:44.202, 3, 63.60 W, 0 %, 0 %, 4 MiB
2026/09/12 15:09:45.202, 0, 177.49 W, 100 %, 11 %, 82795 MiB
2026/09/12 15:09:45.202, 1, 63.07 W, 0 %, 0 %, 4 MiB
2026/09/12 15:09:45.202, 2, 64.54 W, 0 %, 0 %, 4 MiB
2026/09/12 15:09:45.202, 3, 63.60 W, 0 %, 0 %, 4 MiB
2026/09/12 15:09:46.202, 0, 173.82 W, 100 %, 1 %, 82795 MiB
2026/09/12 15:09:46.202, 1, 63.09 W, 0 %, 0 %, 4 MiB
2026/09/12 15:09:46.202, 2, 64.50 W, 0 %, 0 %, 4 MiB
2026/09/12 15:09:46.202, 3, 63.62 W, 0 %, 0 %, 4 MiB
2026/09/12 15:09:47.202, 0, 176.53 W, 100 %, 2 %, 82795 MiB
2026/09/12 15:09:47.202, 1, 63.08 W, 0 %, 0 %, 4 MiB
2026/09/12 15:09:47.202, 2, 64.51 W, 0 %, 0 %, 4 MiB
2026/09/12 15:09:47.202, 3, 63.59 W, 0 %, 0 %, 4 MiB
2026/09/12 15:09:48.202, 0, 178.44 W, 100 %, 8 %, 82795 MiB
2026/09/12 15:09:48.202, 1, 63.09 W, 0 %, 0 %, 4 MiB
2026/09/12 15:09:48.202, 2, 64.48 W, 0 %, 0 %, 4 MiB
2026/09/12 15:09:48.202, 3, 63.50 W, 0 %, 0 %, 4 MiB
2026/09/12 15:09:49.202, 0, 177.50 W, 100 %, 11 %, 82795 MiB
2026/09/12 15:09:49.203, 1, 63.09 W, 0 %, 0 %, 4 MiB
2026/09/12 15:09:49.203, 2, 64.47 W, 0 %, 0 %, 4 MiB
2026/09/12 15:09:49.203, 3, 63.57 W, 0 %, 0 %, 4 MiB
2026/09/12 15:09:50.203, 0, 173.60 W, 100 %, 1 %, 82795 MiB
2026/09/12 15:09:50.203, 1, 63.08 W, 0 %, 0 %, 4 MiB
2026/09/12 15:09:50.203, 2, 64.51 W, 0 %, 0 %, 4 MiB
2026/09/12 15:09:50.203, 3, 63.54 W, 0 %, 0 %, 4 MiB
2026/09/12 15:09:51.203, 0, 176.61 W, 100 %, 3 %, 82795 MiB
2026/09/12 15:09:51.203, 1, 63.10 W, 0 %, 0 %, 4 MiB
2026/09/12 15:09:51.203, 2, 64.48 W, 0 %, 0 %, 4 MiB
2026/09/12 15:09:51.203, 3, 63.49 W, 0 %, 0 %, 4 MiB
2026/09/12 15:09:52.203, 0, 178.59 W, 100 %, 8 %, 82795 MiB
2026/09/12 15:09:52.203, 1, 63.10 W, 0 %, 0 %, 4 MiB
2026/09/12 15:09:52.203, 2, 64.46 W, 0 %, 0 %, 4 MiB
2026/09/12 15:09:52.203, 3, 63.62 W, 0 %, 0 %, 4 MiB
2026/09/12 15:09:53.203, 0, 177.04 W, 100 %, 11 %, 82795 MiB
2026/09/12 15:09:53.203, 1, 63.08 W, 0 %, 0 %, 4 MiB
2026/09/12 15:09:53.204, 2, 64.49 W, 0 %, 0 %, 4 MiB
2026/09/12 15:09:53.204, 3, 63.56 W, 0 %, 0 %, 4 MiB
2026/09/12 15:09:54.204, 0, 173.51 W, 100 %, 0 %, 82795 MiB
2026/09/12 15:09:54.204, 1, 63.09 W, 0 %, 0 %, 4 MiB
2026/09/12 15:09:54.204, 2, 64.50 W, 0 %, 0 %, 4 MiB
2026/09/12 15:09:54.204, 3, 63.58 W, 0 %, 0 %, 4 MiB
2026/09/12 15:09:55.204, 0, 169.44 W, 100 %, 9 %, 82795 MiB
2026/09/12 15:09:55.204, 1, 63.10 W, 0 %, 0 %, 4 MiB
2026/09/12 15:09:55.204, 2, 64.51 W, 0 %, 0 %, 4 MiB
2026/09/12 15:09:55.204, 3, 63.58 W, 0 %, 0 %, 4 MiB
2026/09/12 15:09:56.204, 0, 177.31 W, 100 %, 4 %, 82795 MiB
2026/09/12 15:09:56.204, 1, 63.08 W, 0 %, 0 %, 4 MiB
2026/09/12 15:09:56.204, 2, 64.47 W, 0 %, 0 %, 4 MiB
2026/09/12 15:09:56.204, 3, 63.54 W, 0 %, 0 %, 4 MiB
2026/09/12 15:09:57.204, 0, 176.71 W, 100 %, 4 %, 82795 MiB
2026/09/12 15:09:57.204, 1, 63.09 W, 0 %, 0 %, 4 MiB
2026/09/12 15:09:57.204, 2, 64.46 W, 0 %, 0 %, 4 MiB
2026/09/12 15:09:57.204, 3, 63.59 W, 0 %, 0 %, 4 MiB
2026/09/12 15:09:58.204, 0, 176.13 W, 100 %, 7 %, 82795 MiB
2026/09/12 15:09:58.204, 1, 63.10 W, 0 %, 0 %, 4 MiB
2026/09/12 15:09:58.205, 2, 64.49 W, 0 %, 0 %, 4 MiB
2026/09/12 15:09:58.205, 3, 63.56 W, 0 %, 0 %, 4 MiB
2026/09/12 15:09:59.205, 0, 177.24 W, 100 %, 7 %, 82795 MiB
2026/09/12 15:09:59.205, 1, 63.08 W, 0 %, 0 %, 4 MiB
2026/09/12 15:09:59.205, 2, 64.48 W, 0 %, 0 %, 4 MiB
2026/09/12 15:09:59.205, 3, 63.53 W, 0 %, 0 %, 4 MiB
2026/09/12 15:10:00.205, 0, 176.91 W, 100 %, 10 %, 82795 MiB
2026/09/12 15:10:00.205, 1, 63.08 W, 0 %, 0 %, 4 MiB
2026/09/12 15:10:00.205, 2, 64.41 W, 0 %, 0 %, 4 MiB
2026/09/12 15:10:00.205, 3, 63.58 W, 0 %, 0 %, 4 MiB
2026/09/12 15:10:01.205, 0, 176.88 W, 100 %, 7 %, 82795 MiB
2026/09/12 15:10:01.205, 1, 63.10 W, 0 %, 0 %, 4 MiB
2026/09/12 15:10:01.205, 2, 64.51 W, 0 %, 0 %, 4 MiB
2026/09/12 15:10:01.205, 3, 63.52 W, 0 %, 0 %, 4 MiB
2026/09/12 15:10:02.205, 0, 174.17 W, 100 %, 0 %, 82795 MiB
2026/09/12 15:10:02.205, 1, 63.07 W, 0 %, 0 %, 4 MiB
2026/09/12 15:10:02.205, 2, 64.41 W, 0 %, 0 %, 4 MiB
2026/09/12 15:10:02.206, 3, 63.55 W, 0 %, 0 %, 4 MiB
2026/09/12 15:10:03.206, 0, 178.40 W, 100 %, 6 %, 82795 MiB
2026/09/12 15:10:03.206, 1, 63.09 W, 0 %, 0 %, 4 MiB
2026/09/12 15:10:03.206, 2, 64.44 W, 0 %, 0 %, 4 MiB
2026/09/12 15:10:03.206, 3, 63.56 W, 0 %, 0 %, 4 MiB
2026/09/12 15:10:04.206, 0, 179.34 W, 100 %, 10 %, 82795 MiB
2026/09/12 15:10:04.206, 1, 63.08 W, 0 %, 0 %, 4 MiB
2026/09/12 15:10:04.206, 2, 64.44 W, 0 %, 0 %, 4 MiB
2026/09/12 15:10:04.206, 3, 63.48 W, 0 %, 0 %, 4 MiB
2026/09/12 15:10:05.206, 0, 175.23 W, 100 %, 7 %, 82795 MiB
2026/09/12 15:10:05.206, 1, 63.08 W, 0 %, 0 %, 4 MiB
2026/09/12 15:10:05.206, 2, 64.42 W, 0 %, 0 %, 4 MiB
2026/09/12 15:10:05.206, 3, 63.52 W, 0 %, 0 %, 4 MiB
2026/09/12 15:10:06.206, 0, 174.32 W, 100 %, 0 %, 82795 MiB
2026/09/12 15:10:06.206, 1, 63.09 W, 0 %, 0 %, 4 MiB
2026/09/12 15:10:06.206, 2, 64.46 W, 0 %, 0 %, 4 MiB
2026/09/12 15:10:06.206, 3, 63.55 W, 0 %, 0 %, 4 MiB
2026/09/12 15:10:07.207, 0, 178.24 W, 100 %, 7 %, 82795 MiB
2026/09/12 15:10:07.207, 1, 63.08 W, 0 %, 0 %, 4 MiB
2026/09/12 15:10:07.207, 2, 64.44 W, 0 %, 0 %, 4 MiB
2026/09/12 15:10:07.207, 3, 63.45 W, 0 %, 0 %, 4 MiB
2026/09/12 15:10:08.207, 0, 178.87 W, 100 %, 10 %, 82795 MiB
2026/09/12 15:10:08.207, 1, 63.07 W, 0 %, 0 %, 4 MiB
2026/09/12 15:10:08.207, 2, 64.38 W, 0 %, 0 %, 4 MiB
2026/09/12 15:10:08.207, 3, 63.47 W, 0 %, 0 %, 4 MiB
2026/09/12 15:10:09.207, 0, 175.60 W, 100 %, 7 %, 82795 MiB
2026/09/12 15:10:09.207, 1, 63.10 W, 0 %, 0 %, 4 MiB
2026/09/12 15:10:09.207, 2, 64.44 W, 0 %, 0 %, 4 MiB
2026/09/12 15:10:09.207, 3, 63.55 W, 0 %, 0 %, 4 MiB
2026/09/12 15:10:10.207, 0, 174.87 W, 100 %, 0 %, 82795 MiB
2026/09/12 15:10:10.207, 1, 63.09 W, 0 %, 0 %, 4 MiB
2026/09/12 15:10:10.207, 2, 64.43 W, 0 %, 0 %, 4 MiB
2026/09/12 15:10:10.207, 3, 63.51 W, 0 %, 0 %, 4 MiB
2026/09/12 15:10:11.207, 0, 177.90 W, 100 %, 7 %, 82795 MiB
2026/09/12 15:10:11.208, 1, 63.08 W, 0 %, 0 %, 4 MiB
2026/09/12 15:10:11.208, 2, 64.44 W, 0 %, 0 %, 4 MiB
2026/09/12 15:10:11.208, 3, 63.46 W, 0 %, 0 %, 4 MiB
2026/09/12 15:10:12.208, 0, 178.72 W, 100 %, 10 %, 82795 MiB
2026/09/12 15:10:12.208, 1, 63.09 W, 0 %, 0 %, 4 MiB
2026/09/12 15:10:12.208, 2, 64.47 W, 0 %, 0 %, 4 MiB
2026/09/12 15:10:12.208, 3, 63.56 W, 0 %, 0 %, 4 MiB
2026/09/12 15:10:13.208, 0, 174.84 W, 100 %, 7 %, 82795 MiB
2026/09/12 15:10:13.208, 1, 63.11 W, 0 %, 0 %, 4 MiB
2026/09/12 15:10:13.208, 2, 64.47 W, 0 %, 0 %, 4 MiB
2026/09/12 15:10:13.208, 3, 63.50 W, 0 %, 0 %, 4 MiB
2026/09/12 15:10:14.208, 0, 169.79 W, 100 %, 4 %, 82795 MiB
2026/09/12 15:10:14.208, 1, 63.08 W, 0 %, 0 %, 4 MiB
2026/09/12 15:10:14.208, 2, 64.47 W, 0 %, 0 %, 4 MiB
2026/09/12 15:10:14.208, 3, 63.51 W, 0 %, 0 %, 4 MiB
2026/09/12 15:10:15.208, 0, 176.81 W, 100 %, 5 %, 82795 MiB
2026/09/12 15:10:15.209, 1, 63.10 W, 0 %, 0 %, 4 MiB
2026/09/12 15:10:15.209, 2, 64.43 W, 0 %, 0 %, 4 MiB
2026/09/12 15:10:15.209, 3, 63.51 W, 0 %, 0 %, 4 MiB
2026/09/12 15:10:16.209, 0, 176.43 W, 100 %, 9 %, 82795 MiB
2026/09/12 15:10:16.209, 1, 63.09 W, 0 %, 0 %, 4 MiB
2026/09/12 15:10:16.209, 2, 64.46 W, 0 %, 0 %, 4 MiB
2026/09/12 15:10:16.209, 3, 63.57 W, 0 %, 0 %, 4 MiB
2026/09/12 15:10:17.209, 0, 177.52 W, 100 %, 4 %, 82795 MiB
2026/09/12 15:10:17.209, 1, 63.09 W, 0 %, 0 %, 4 MiB
2026/09/12 15:10:17.209, 2, 64.47 W, 0 %, 0 %, 4 MiB
2026/09/12 15:10:17.209, 3, 63.58 W, 0 %, 0 %, 4 MiB
2026/09/12 15:10:18.209, 0, 176.94 W, 100 %, 4 %, 82795 MiB
2026/09/12 15:10:18.209, 1, 63.10 W, 0 %, 0 %, 4 MiB
2026/09/12 15:10:18.209, 2, 64.49 W, 0 %, 0 %, 4 MiB
2026/09/12 15:10:18.209, 3, 63.57 W, 0 %, 0 %, 4 MiB
2026/09/12 15:10:19.209, 0, 176.23 W, 100 %, 9 %, 82795 MiB
2026/09/12 15:10:19.210, 1, 63.09 W, 0 %, 0 %, 4 MiB
2026/09/12 15:10:19.210, 2, 64.50 W, 0 %, 0 %, 4 MiB
2026/09/12 15:10:19.210, 3, 63.56 W, 0 %, 0 %, 4 MiB
2026/09/12 15:10:20.210, 0, 178.15 W, 100 %, 11 %, 82795 MiB
2026/09/12 15:10:20.210, 1, 63.06 W, 0 %, 0 %, 4 MiB
2026/09/12 15:10:20.210, 2, 64.45 W, 0 %, 0 %, 4 MiB
2026/09/12 15:10:20.210, 3, 63.56 W, 0 %, 0 %, 4 MiB
2026/09/12 15:10:21.210, 0, 174.63 W, 100 %, 2 %, 82795 MiB
2026/09/12 15:10:21.210, 1, 63.08 W, 0 %, 0 %, 4 MiB
2026/09/12 15:10:21.210, 2, 64.44 W, 0 %, 0 %, 4 MiB
2026/09/12 15:10:21.210, 3, 63.39 W, 0 %, 0 %, 4 MiB
2026/09/12 15:10:22.210, 0, 176.82 W, 100 %, 1 %, 82795 MiB
2026/09/12 15:10:22.210, 1, 63.08 W, 0 %, 0 %, 4 MiB
2026/09/12 15:10:22.210, 2, 64.42 W, 0 %, 0 %, 4 MiB
2026/09/12 15:10:22.210, 3, 63.36 W, 0 %, 0 %, 4 MiB
2026/09/12 15:10:23.210, 0, 179.73 W, 100 %, 9 %, 82795 MiB
2026/09/12 15:10:23.211, 1, 63.07 W, 0 %, 0 %, 4 MiB
2026/09/12 15:10:23.211, 2, 64.42 W, 0 %, 0 %, 4 MiB
2026/09/12 15:10:23.211, 3, 63.38 W, 0 %, 0 %, 4 MiB
2026/09/12 15:10:24.211, 0, 177.07 W, 100 %, 11 %, 82795 MiB
2026/09/12 15:10:24.211, 1, 63.08 W, 0 %, 0 %, 4 MiB
2026/09/12 15:10:24.211, 2, 64.48 W, 0 %, 0 %, 4 MiB
2026/09/12 15:10:24.211, 3, 63.53 W, 0 %, 0 %, 4 MiB
2026/09/12 15:10:25.211, 0, 174.57 W, 100 %, 2 %, 82795 MiB
2026/09/12 15:10:25.211, 1, 63.10 W, 0 %, 0 %, 4 MiB
2026/09/12 15:10:25.211, 2, 64.47 W, 0 %, 0 %, 4 MiB
2026/09/12 15:10:25.211, 3, 63.60 W, 0 %, 0 %, 4 MiB
2026/09/12 15:10:26.211, 0, 176.43 W, 100 %, 1 %, 82795 MiB
2026/09/12 15:10:26.211, 1, 63.08 W, 0 %, 0 %, 4 MiB
2026/09/12 15:10:26.211, 2, 64.46 W, 0 %, 0 %, 4 MiB
2026/09/12 15:10:26.211, 3, 63.42 W, 0 %, 0 %, 4 MiB
2026/09/12 15:10:27.211, 0, 179.17 W, 100 %, 8 %, 82795 MiB
2026/09/12 15:10:27.212, 1, 63.09 W, 0 %, 0 %, 4 MiB
2026/09/12 15:10:27.212, 2, 64.42 W, 0 %, 0 %, 4 MiB
2026/09/12 15:10:27.212, 3, 63.51 W, 0 %, 0 %, 4 MiB
2026/09/12 15:10:28.212, 0, 177.04 W, 100 %, 11 %, 82795 MiB
2026/09/12 15:10:28.212, 1, 63.08 W, 0 %, 0 %, 4 MiB
2026/09/12 15:10:28.212, 2, 64.45 W, 0 %, 0 %, 4 MiB
2026/09/12 15:10:28.212, 3, 63.59 W, 0 %, 0 %, 4 MiB
2026/09/12 15:10:29.212, 0, 174.60 W, 100 %, 2 %, 82795 MiB
2026/09/12 15:10:29.212, 1, 63.08 W, 0 %, 0 %, 4 MiB
2026/09/12 15:10:29.212, 2, 64.44 W, 0 %, 0 %, 4 MiB
2026/09/12 15:10:29.212, 3, 63.47 W, 0 %, 0 %, 4 MiB
2026/09/12 15:10:30.212, 0, 176.62 W, 100 %, 1 %, 82795 MiB
2026/09/12 15:10:30.212, 1, 63.10 W, 0 %, 0 %, 4 MiB
2026/09/12 15:10:30.212, 2, 64.46 W, 0 %, 0 %, 4 MiB
2026/09/12 15:10:30.212, 3, 63.57 W, 0 %, 0 %, 4 MiB
2026/09/12 15:10:31.212, 0, 178.87 W, 100 %, 8 %, 82795 MiB
2026/09/12 15:10:31.212, 1, 63.08 W, 0 %, 0 %, 4 MiB
2026/09/12 15:10:31.212, 2, 64.43 W, 0 %, 0 %, 4 MiB
2026/09/12 15:10:31.213, 3, 63.63 W, 0 %, 0 %, 4 MiB
2026/09/12 15:10:32.213, 0, 176.55 W, 100 %, 11 %, 82795 MiB
2026/09/12 15:10:32.213, 1, 63.09 W, 0 %, 0 %, 4 MiB
2026/09/12 15:10:32.213, 2, 64.45 W, 0 %, 0 %, 4 MiB
2026/09/12 15:10:32.213, 3, 63.54 W, 0 %, 0 %, 4 MiB
2026/09/12 15:10:33.213, 0, 168.08 W, 100 %, 7 %, 82795 MiB
2026/09/12 15:10:33.213, 1, 63.08 W, 0 %, 0 %, 4 MiB
2026/09/12 15:10:33.213, 2, 64.46 W, 0 %, 0 %, 4 MiB
2026/09/12 15:10:33.213, 3, 63.52 W, 0 %, 0 %, 4 MiB
2026/09/12 15:10:34.213, 0, 177.18 W, 100 %, 8 %, 82795 MiB
2026/09/12 15:10:34.213, 1, 63.09 W, 0 %, 0 %, 4 MiB
2026/09/12 15:10:34.213, 2, 64.43 W, 0 %, 0 %, 4 MiB
2026/09/12 15:10:34.213, 3, 63.63 W, 0 %, 0 %, 4 MiB
2026/09/12 15:10:35.213, 0, 177.63 W, 100 %, 4 %, 82795 MiB
2026/09/12 15:10:35.213, 1, 63.08 W, 0 %, 0 %, 4 MiB
2026/09/12 15:10:35.213, 2, 64.48 W, 0 %, 0 %, 4 MiB
2026/09/12 15:10:35.213, 3, 63.62 W, 0 %, 0 %, 4 MiB
2026/09/12 15:10:36.214, 0, 176.88 W, 100 %, 5 %, 82795 MiB
2026/09/12 15:10:36.214, 1, 63.10 W, 0 %, 0 %, 4 MiB
2026/09/12 15:10:36.214, 2, 64.44 W, 0 %, 0 %, 4 MiB
2026/09/12 15:10:36.214, 3, 63.45 W, 0 %, 0 %, 4 MiB
2026/09/12 15:10:37.214, 0, 176.38 W, 100 %, 9 %, 82795 MiB
2026/09/12 15:10:37.214, 1, 63.08 W, 0 %, 0 %, 4 MiB
2026/09/12 15:10:37.214, 2, 64.44 W, 0 %, 0 %, 4 MiB
2026/09/12 15:10:37.214, 3, 63.58 W, 0 %, 0 %, 4 MiB
2026/09/12 15:10:38.214, 0, 175.96 W, 100 %, 5 %, 82795 MiB
2026/09/12 15:10:38.214, 1, 63.09 W, 0 %, 0 %, 4 MiB
2026/09/12 15:10:38.214, 2, 64.46 W, 0 %, 0 %, 4 MiB
2026/09/12 15:10:38.214, 3, 63.60 W, 0 %, 0 %, 4 MiB
2026/09/12 15:10:39.214, 0, 179.43 W, 100 %, 10 %, 82795 MiB
2026/09/12 15:10:39.214, 1, 63.09 W, 0 %, 0 %, 4 MiB
2026/09/12 15:10:39.214, 2, 64.48 W, 0 %, 0 %, 4 MiB
2026/09/12 15:10:39.214, 3, 63.56 W, 0 %, 0 %, 4 MiB
2026/09/12 15:10:40.214, 0, 175.60 W, 100 %, 8 %, 82795 MiB
2026/09/12 15:10:40.215, 1, 63.08 W, 0 %, 0 %, 4 MiB
2026/09/12 15:10:40.215, 2, 64.48 W, 0 %, 0 %, 4 MiB
2026/09/12 15:10:40.215, 3, 63.57 W, 0 %, 0 %, 4 MiB
2026/09/12 15:10:41.215, 0, 174.55 W, 100 %, 0 %, 82795 MiB
2026/09/12 15:10:41.215, 1, 63.09 W, 0 %, 0 %, 4 MiB
2026/09/12 15:10:41.215, 2, 64.45 W, 0 %, 0 %, 4 MiB
2026/09/12 15:10:41.215, 3, 63.50 W, 0 %, 0 %, 4 MiB
2026/09/12 15:10:42.215, 0, 179.18 W, 100 %, 6 %, 82795 MiB
2026/09/12 15:10:42.215, 1, 63.10 W, 0 %, 0 %, 4 MiB
2026/09/12 15:10:42.215, 2, 64.43 W, 0 %, 0 %, 4 MiB
2026/09/12 15:10:42.215, 3, 63.63 W, 0 %, 0 %, 4 MiB
2026/09/12 15:10:43.215, 0, 178.59 W, 100 %, 10 %, 82795 MiB
2026/09/12 15:10:43.215, 1, 63.08 W, 0 %, 0 %, 4 MiB
2026/09/12 15:10:43.215, 2, 64.42 W, 0 %, 0 %, 4 MiB
2026/09/12 15:10:43.215, 3, 63.43 W, 0 %, 0 %, 4 MiB
2026/09/12 15:10:44.215, 0, 175.72 W, 100 %, 8 %, 82795 MiB
2026/09/12 15:10:44.216, 1, 63.09 W, 0 %, 0 %, 4 MiB
2026/09/12 15:10:44.216, 2, 64.45 W, 0 %, 0 %, 4 MiB
2026/09/12 15:10:44.216, 3, 63.53 W, 0 %, 0 %, 4 MiB
2026/09/12 15:10:45.216, 0, 174.27 W, 100 %, 0 %, 82795 MiB
2026/09/12 15:10:45.216, 1, 63.08 W, 0 %, 0 %, 4 MiB
2026/09/12 15:10:45.216, 2, 64.46 W, 0 %, 0 %, 4 MiB
2026/09/12 15:10:45.216, 3, 63.62 W, 0 %, 0 %, 4 MiB
2026/09/12 15:10:46.216, 0, 179.01 W, 100 %, 6 %, 82795 MiB
2026/09/12 15:10:46.216, 1, 63.08 W, 0 %, 0 %, 4 MiB
2026/09/12 15:10:46.216, 2, 64.45 W, 0 %, 0 %, 4 MiB
2026/09/12 15:10:46.216, 3, 63.35 W, 0 %, 0 %, 4 MiB
2026/09/12 15:10:47.216, 0, 178.63 W, 100 %, 10 %, 82795 MiB
2026/09/12 15:10:47.216, 1, 63.08 W, 0 %, 0 %, 4 MiB
2026/09/12 15:10:47.216, 2, 64.43 W, 0 %, 0 %, 4 MiB
2026/09/12 15:10:47.216, 3, 63.36 W, 0 %, 0 %, 4 MiB
2026/09/12 15:10:48.216, 0, 175.43 W, 100 %, 7 %, 82795 MiB
2026/09/12 15:10:48.216, 1, 63.09 W, 0 %, 0 %, 4 MiB
2026/09/12 15:10:48.217, 2, 64.43 W, 0 %, 0 %, 4 MiB
2026/09/12 15:10:48.217, 3, 63.42 W, 0 %, 0 %, 4 MiB
2026/09/12 15:10:49.217, 0, 175.37 W, 100 %, 0 %, 82795 MiB
2026/09/12 15:10:49.217, 1, 63.08 W, 0 %, 0 %, 4 MiB
2026/09/12 15:10:49.217, 2, 64.41 W, 0 %, 0 %, 4 MiB
2026/09/12 15:10:49.217, 3, 63.61 W, 0 %, 0 %, 4 MiB
2026/09/12 15:10:50.217, 0, 178.85 W, 100 %, 6 %, 82795 MiB
2026/09/12 15:10:50.217, 1, 63.09 W, 0 %, 0 %, 4 MiB
2026/09/12 15:10:50.217, 2, 64.46 W, 0 %, 0 %, 4 MiB
2026/09/12 15:10:50.217, 3, 63.54 W, 0 %, 0 %, 4 MiB
2026/09/12 15:10:51.217, 0, 177.68 W, 100 %, 10 %, 82795 MiB
2026/09/12 15:10:51.217, 1, 63.07 W, 0 %, 0 %, 4 MiB
2026/09/12 15:10:51.217, 2, 64.43 W, 0 %, 0 %, 4 MiB
2026/09/12 15:10:51.217, 3, 63.44 W, 0 %, 0 %, 4 MiB
2026/09/12 15:10:52.217, 0, 112.53 W, 3 %, 0 %, 16931 MiB
2026/09/12 15:10:52.217, 1, 63.12 W, 0 %, 0 %, 4 MiB
2026/09/12 15:10:52.217, 2, 64.47 W, 0 %, 0 %, 4 MiB
2026/09/12 15:10:52.218, 3, 63.62 W, 0 %, 0 %, 4 MiB
2026/09/12 15:10:53.218, 0, 67.74 W, 0 %, 0 %, 16931 MiB
2026/09/12 15:10:53.218, 1, 63.16 W, 0 %, 0 %, 4 MiB
2026/09/12 15:10:53.218, 2, 64.49 W, 0 %, 0 %, 4 MiB
2026/09/12 15:10:53.218, 3, 63.61 W, 0 %, 0 %, 4 MiB
2026/09/12 15:10:54.218, 0, 63.63 W, 0 %, 0 %, 16931 MiB
2026/09/12 15:10:54.218, 1, 63.15 W, 0 %, 0 %, 4 MiB
2026/09/12 15:10:54.218, 2, 64.48 W, 0 %, 0 %, 4 MiB
2026/09/12 15:10:54.218, 3, 63.62 W, 0 %, 0 %, 4 MiB
2026/09/12 15:10:55.218, 0, 65.03 W, 62 %, 4 %, 531 MiB
2026/09/12 15:10:55.218, 1, 63.16 W, 0 %, 0 %, 4 MiB
2026/09/12 15:10:55.218, 2, 64.49 W, 0 %, 0 %, 4 MiB
2026/09/12 15:10:55.218, 3, 63.59 W, 0 %, 0 %, 4 MiB
2026/09/12 15:10:56.218, 0, 63.71 W, 0 %, 0 %, 531 MiB
2026/09/12 15:10:56.218, 1, 63.16 W, 0 %, 0 %, 4 MiB
2026/09/12 15:10:56.218, 2, 64.46 W, 0 %, 0 %, 4 MiB
2026/09/12 15:10:56.219, 3, 63.62 W, 0 %, 0 %, 4 MiB
2026/09/12 15:10:57.219, 0, 63.61 W, 0 %, 0 %, 531 MiB
2026/09/12 15:10:57.219, 1, 63.16 W, 0 %, 0 %, 4 MiB
2026/09/12 15:10:57.219, 2, 64.47 W, 0 %, 0 %, 4 MiB
2026/09/12 15:10:57.219, 3, 63.60 W, 0 %, 0 %, 4 MiB
2026/09/12 15:10:58.219, 0, 63.61 W, 0 %, 0 %, 531 MiB
2026/09/12 15:10:58.219, 1, 63.15 W, 0 %, 0 %, 4 MiB
2026/09/12 15:10:58.219, 2, 64.50 W, 0 %, 0 %, 4 MiB
2026/09/12 15:10:58.219, 3, 63.59 W, 0 %, 0 %, 4 MiB
2026/09/12 15:10:59.219, 0, 63.60 W, 0 %, 0 %, 531 MiB
2026/09/12 15:10:59.219, 1, 63.16 W, 0 %, 0 %, 4 MiB
2026/09/12 15:10:59.219, 2, 64.51 W, 0 %, 0 %, 4 MiB
2026/09/12 15:10:59.219, 3, 63.37 W, 0 %, 0 %, 4 MiB
