timestamp, index, clocks.current.sm [MHz], clocks.current.memory [MHz], power.draw [W], utilization.gpu [%], memory.used [MiB]
2026/09/15 20:25:25.995, 0, 345 MHz, 2619 MHz, 63.38 W, 0 %, 0 MiB
2026/09/15 20:25:26.109, 0, 345 MHz, 2619 MHz, 63.38 W, 0 %, 0 MiB
2026/09/15 20:25:26.212, 0, 345 MHz, 2619 MHz, 63.41 W, 0 %, 0 MiB
2026/09/15 20:25:26.313, 0, 345 MHz, 2619 MHz, 63.41 W, 0 %, 0 MiB
2026/09/15 20:25:26.413, 0, 345 MHz, 2619 MHz, 63.43 W, 0 %, 0 MiB
2026/09/15 20:25:26.514, 0, 345 MHz, 2619 MHz, 63.47 W, 0 %, 0 MiB
2026/09/15 20:25:26.614, 0, 345 MHz, 2619 MHz, 63.46 W, 0 %, 0 MiB
2026/09/15 20:25:26.718, 0, 345 MHz, 2619 MHz, 63.46 W, 0 %, 0 MiB
2026/09/15 20:25:26.818, 0, 345 MHz, 2619 MHz, 63.46 W, 0 %, 0 MiB
2026/09/15 20:25:26.922, 0, 345 MHz, 2619 MHz, 63.43 W, 0 %, 0 MiB
2026/09/15 20:25:27.023, 0, 345 MHz, 2619 MHz, 63.45 W, 0 %, 0 MiB
2026/09/15 20:25:27.123, 0, 345 MHz, 2619 MHz, 63.40 W, 0 %, 0 MiB
2026/09/15 20:25:27.223, 0, 345 MHz, 2619 MHz, 63.39 W, 0 %, 0 MiB
2026/09/15 20:25:27.325, 0, 345 MHz, 2619 MHz, 63.34 W, 0 %, 0 MiB
2026/09/15 20:25:27.426, 0, 345 MHz, 2619 MHz, 63.34 W, 0 %, 0 MiB
2026/09/15 20:25:27.526, 0, 345 MHz, 2619 MHz, 63.34 W, 0 %, 0 MiB
2026/09/15 20:25:27.639, 0, 345 MHz, 2619 MHz, 63.34 W, 0 %, 0 MiB
2026/09/15 20:25:27.740, 0, 345 MHz, 2619 MHz, 63.35 W, 0 %, 0 MiB
2026/09/15 20:25:27.841, 0, 345 MHz, 2619 MHz, 63.35 W, 0 %, 0 MiB
2026/09/15 20:25:27.942, 0, 345 MHz, 2619 MHz, 63.37 W, 0 %, 0 MiB
2026/09/15 20:25:28.043, 0, 345 MHz, 2619 MHz, 63.38 W, 0 %, 0 MiB
2026/09/15 20:25:28.144, 0, 345 MHz, 2619 MHz, 63.43 W, 0 %, 0 MiB
2026/09/15 20:25:28.245, 0, 345 MHz, 2619 MHz, 63.44 W, 0 %, 0 MiB
2026/09/15 20:25:28.346, 0, 345 MHz, 2619 MHz, 63.45 W, 0 %, 0 MiB
2026/09/15 20:25:28.447, 0, 345 MHz, 2619 MHz, 63.48 W, 0 %, 0 MiB
2026/09/15 20:25:28.548, 0, 345 MHz, 2619 MHz, 63.49 W, 0 %, 0 MiB
2026/09/15 20:25:28.648, 0, 345 MHz, 2619 MHz, 63.48 W, 0 %, 0 MiB
2026/09/15 20:25:28.749, 0, 345 MHz, 2619 MHz, 63.47 W, 0 %, 0 MiB
2026/09/15 20:25:28.849, 0, 345 MHz, 2619 MHz, 63.46 W, 0 %, 0 MiB
2026/09/15 20:25:28.949, 0, 345 MHz, 2619 MHz, 63.45 W, 0 %, 0 MiB
2026/09/15 20:25:29.050, 0, 345 MHz, 2619 MHz, 63.43 W, 0 %, 0 MiB
2026/09/15 20:25:29.150, 0, 345 MHz, 2619 MHz, 63.42 W, 0 %, 0 MiB
2026/09/15 20:25:29.250, 0, 345 MHz, 2619 MHz, 63.42 W, 0 %, 0 MiB
2026/09/15 20:25:29.350, 0, 345 MHz, 2619 MHz, 63.41 W, 0 %, 0 MiB
2026/09/15 20:25:29.451, 0, 345 MHz, 2619 MHz, 63.42 W, 0 %, 0 MiB
2026/09/15 20:25:29.551, 0, 345 MHz, 2619 MHz, 63.40 W, 0 %, 0 MiB
2026/09/15 20:25:29.651, 0, 345 MHz, 2619 MHz, 63.40 W, 0 %, 0 MiB
2026/09/15 20:25:29.752, 0, 345 MHz, 2619 MHz, 63.40 W, 0 %, 0 MiB
2026/09/15 20:25:29.852, 0, 345 MHz, 2619 MHz, 63.43 W, 0 %, 0 MiB
2026/09/15 20:25:29.952, 0, 345 MHz, 2619 MHz, 63.42 W, 0 %, 0 MiB
2026/09/15 20:25:30.053, 0, 345 MHz, 2619 MHz, 63.42 W, 0 %, 0 MiB
2026/09/15 20:25:30.153, 0, 345 MHz, 2619 MHz, 63.43 W, 0 %, 0 MiB
2026/09/15 20:25:30.253, 0, 345 MHz, 2619 MHz, 63.43 W, 0 %, 0 MiB
2026/09/15 20:25:30.354, 0, 345 MHz, 2619 MHz, 63.41 W, 0 %, 0 MiB
2026/09/15 20:25:30.454, 0, 345 MHz, 2619 MHz, 63.41 W, 0 %, 0 MiB
2026/09/15 20:25:30.554, 0, 345 MHz, 2619 MHz, 63.43 W, 0 %, 0 MiB
2026/09/15 20:25:30.654, 0, 345 MHz, 2619 MHz, 63.41 W, 0 %, 0 MiB
2026/09/15 20:25:30.755, 0, 345 MHz, 2619 MHz, 63.44 W, 0 %, 0 MiB
2026/09/15 20:25:30.855, 0, 345 MHz, 2619 MHz, 63.41 W, 0 %, 0 MiB
2026/09/15 20:25:30.955, 0, 345 MHz, 2619 MHz, 63.43 W, 0 %, 0 MiB
2026/09/15 20:25:31.056, 0, 345 MHz, 2619 MHz, 63.46 W, 0 %, 0 MiB
2026/09/15 20:25:31.156, 0, 345 MHz, 2619 MHz, 63.44 W, 0 %, 0 MiB
2026/09/15 20:25:31.256, 0, 345 MHz, 2619 MHz, 63.43 W, 0 %, 0 MiB
2026/09/15 20:25:31.357, 0, 345 MHz, 2619 MHz, 63.44 W, 0 %, 0 MiB
2026/09/15 20:25:31.457, 0, 345 MHz, 2619 MHz, 63.44 W, 0 %, 0 MiB
2026/09/15 20:25:31.557, 0, 345 MHz, 2619 MHz, 63.41 W, 0 %, 0 MiB
2026/09/15 20:25:31.658, 0, 345 MHz, 2619 MHz, 63.45 W, 0 %, 0 MiB
2026/09/15 20:25:31.758, 0, 345 MHz, 2619 MHz, 63.41 W, 0 %, 0 MiB
2026/09/15 20:25:31.858, 0, 345 MHz, 2619 MHz, 63.43 W, 0 %, 0 MiB
2026/09/15 20:25:31.959, 0, 345 MHz, 2619 MHz, 63.43 W, 0 %, 0 MiB
2026/09/15 20:25:32.059, 0, 345 MHz, 2619 MHz, 63.40 W, 0 %, 0 MiB
2026/09/15 20:25:32.159, 0, 345 MHz, 2619 MHz, 63.40 W, 0 %, 0 MiB
2026/09/15 20:25:32.260, 0, 345 MHz, 2619 MHz, 63.41 W, 0 %, 0 MiB
2026/09/15 20:25:32.360, 0, 345 MHz, 2619 MHz, 63.43 W, 0 %, 0 MiB
2026/09/15 20:25:32.460, 0, 345 MHz, 2619 MHz, 63.40 W, 0 %, 0 MiB
2026/09/15 20:25:32.560, 0, 345 MHz, 2619 MHz, 63.42 W, 0 %, 0 MiB
2026/09/15 20:25:32.661, 0, 345 MHz, 2619 MHz, 63.42 W, 0 %, 0 MiB
2026/09/15 20:25:32.761, 0, 345 MHz, 2619 MHz, 63.42 W, 0 %, 0 MiB
2026/09/15 20:25:32.861, 0, 345 MHz, 2619 MHz, 63.42 W, 0 %, 0 MiB
2026/09/15 20:25:32.961, 0, 345 MHz, 2619 MHz, 63.42 W, 0 %, 0 MiB
2026/09/15 20:25:33.062, 0, 345 MHz, 2619 MHz, 63.44 W, 0 %, 0 MiB
2026/09/15 20:25:33.162, 0, 345 MHz, 2619 MHz, 63.45 W, 0 %, 0 MiB
2026/09/15 20:25:33.262, 0, 345 MHz, 2619 MHz, 63.46 W, 0 %, 0 MiB
2026/09/15 20:25:33.363, 0, 345 MHz, 2619 MHz, 63.44 W, 0 %, 0 MiB
2026/09/15 20:25:33.463, 0, 345 MHz, 2619 MHz, 63.47 W, 0 %, 0 MiB
2026/09/15 20:25:33.563, 0, 345 MHz, 2619 MHz, 63.46 W, 0 %, 0 MiB
2026/09/15 20:25:33.664, 0, 345 MHz, 2619 MHz, 63.47 W, 0 %, 0 MiB
2026/09/15 20:25:33.764, 0, 345 MHz, 2619 MHz, 63.45 W, 0 %, 0 MiB
2026/09/15 20:25:33.864, 0, 345 MHz, 2619 MHz, 63.45 W, 0 %, 0 MiB
2026/09/15 20:25:33.965, 0, 345 MHz, 2619 MHz, 63.42 W, 0 %, 0 MiB
2026/09/15 20:25:34.065, 0, 345 MHz, 2619 MHz, 63.43 W, 0 %, 1 MiB
2026/09/15 20:25:34.248, 0, 345 MHz, 2619 MHz, 63.43 W, 0 %, 4 MiB
2026/09/15 20:25:34.377, 0, 345 MHz, 2619 MHz, 63.43 W, 0 %, 4 MiB
2026/09/15 20:25:34.477, 0, 345 MHz, 2619 MHz, 63.42 W, 0 %, 4 MiB
2026/09/15 20:25:34.577, 0, 345 MHz, 2619 MHz, 63.44 W, 0 %, 4 MiB
2026/09/15 20:25:34.678, 0, 345 MHz, 2619 MHz, 63.46 W, 0 %, 4 MiB
2026/09/15 20:25:34.778, 0, 1785 MHz, 2619 MHz, 64.55 W, 0 %, 23 MiB
2026/09/15 20:25:34.879, 0, 1785 MHz, 2619 MHz, 67.63 W, 0 %, 595 MiB
2026/09/15 20:25:34.979, 0, 1785 MHz, 2619 MHz, 70.48 W, 0 %, 595 MiB
2026/09/15 20:25:35.079, 0, 1785 MHz, 2619 MHz, 73.51 W, 0 %, 595 MiB
2026/09/15 20:25:35.180, 0, 1785 MHz, 2619 MHz, 76.18 W, 0 %, 693 MiB
2026/09/15 20:25:35.280, 0, 1785 MHz, 2619 MHz, 79.31 W, 1 %, 693 MiB
2026/09/15 20:25:35.380, 0, 1785 MHz, 2619 MHz, 81.79 W, 1 %, 693 MiB
2026/09/15 20:25:35.480, 0, 1785 MHz, 2619 MHz, 85.03 W, 0 %, 1775 MiB
2026/09/15 20:25:35.581, 0, 1785 MHz, 2619 MHz, 87.90 W, 0 %, 1937 MiB
2026/09/15 20:25:35.681, 0, 1785 MHz, 2619 MHz, 90.28 W, 1 %, 1937 MiB
2026/09/15 20:25:35.781, 0, 1785 MHz, 2619 MHz, 92.67 W, 1 %, 1937 MiB
2026/09/15 20:25:35.881, 0, 1785 MHz, 2619 MHz, 92.35 W, 0 %, 1937 MiB
2026/09/15 20:25:35.982, 0, 1785 MHz, 2619 MHz, 92.33 W, 0 %, 1937 MiB
2026/09/15 20:25:36.082, 0, 1785 MHz, 2619 MHz, 92.31 W, 0 %, 1937 MiB
2026/09/15 20:25:36.182, 0, 1785 MHz, 2619 MHz, 92.22 W, 0 %, 1937 MiB
2026/09/15 20:25:36.283, 0, 1785 MHz, 2619 MHz, 92.21 W, 0 %, 1937 MiB
2026/09/15 20:25:36.383, 0, 1785 MHz, 2619 MHz, 92.25 W, 0 %, 1937 MiB
2026/09/15 20:25:36.483, 0, 1785 MHz, 2619 MHz, 92.28 W, 0 %, 1937 MiB
2026/09/15 20:25:36.583, 0, 1785 MHz, 2619 MHz, 92.28 W, 0 %, 1937 MiB
2026/09/15 20:25:36.684, 0, 1785 MHz, 2619 MHz, 92.23 W, 0 %, 1937 MiB
2026/09/15 20:25:36.784, 0, 1785 MHz, 2619 MHz, 92.21 W, 0 %, 1937 MiB
2026/09/15 20:25:36.884, 0, 1785 MHz, 2619 MHz, 92.24 W, 0 %, 16059 MiB
2026/09/15 20:25:36.984, 0, 1785 MHz, 2619 MHz, 92.24 W, 0 %, 16059 MiB
2026/09/15 20:25:37.085, 0, 1785 MHz, 2619 MHz, 92.27 W, 0 %, 16059 MiB
2026/09/15 20:25:37.185, 0, 1785 MHz, 2619 MHz, 92.30 W, 0 %, 16059 MiB
2026/09/15 20:25:37.285, 0, 1785 MHz, 2619 MHz, 92.30 W, 0 %, 16059 MiB
2026/09/15 20:25:37.386, 0, 1785 MHz, 2619 MHz, 92.32 W, 0 %, 16059 MiB
2026/09/15 20:25:37.486, 0, 1785 MHz, 2619 MHz, 92.33 W, 2 %, 16059 MiB
2026/09/15 20:25:37.586, 0, 1785 MHz, 2619 MHz, 92.35 W, 2 %, 16059 MiB
2026/09/15 20:25:37.686, 0, 1785 MHz, 2619 MHz, 92.33 W, 2 %, 16059 MiB
2026/09/15 20:25:37.787, 0, 1785 MHz, 2619 MHz, 92.34 W, 2 %, 16059 MiB
2026/09/15 20:25:37.887, 0, 1785 MHz, 2619 MHz, 92.32 W, 2 %, 16059 MiB
2026/09/15 20:25:37.987, 0, 1785 MHz, 2619 MHz, 92.31 W, 2 %, 16059 MiB
2026/09/15 20:25:38.088, 0, 1785 MHz, 2619 MHz, 92.31 W, 2 %, 16059 MiB
2026/09/15 20:25:38.188, 0, 1785 MHz, 2619 MHz, 92.30 W, 2 %, 16059 MiB
2026/09/15 20:25:38.288, 0, 1785 MHz, 2619 MHz, 92.33 W, 2 %, 16059 MiB
2026/09/15 20:25:38.389, 0, 1785 MHz, 2619 MHz, 92.34 W, 2 %, 16059 MiB
2026/09/15 20:25:38.489, 0, 1785 MHz, 2619 MHz, 92.32 W, 2 %, 16059 MiB
2026/09/15 20:25:38.589, 0, 1785 MHz, 2619 MHz, 92.32 W, 2 %, 16059 MiB
2026/09/15 20:25:38.690, 0, 1785 MHz, 2619 MHz, 92.37 W, 2 %, 16059 MiB
2026/09/15 20:25:38.790, 0, 1785 MHz, 2619 MHz, 92.35 W, 2 %, 16059 MiB
2026/09/15 20:25:38.890, 0, 1785 MHz, 2619 MHz, 92.37 W, 2 %, 16059 MiB
2026/09/15 20:25:38.991, 0, 1785 MHz, 2619 MHz, 92.38 W, 2 %, 16059 MiB
2026/09/15 20:25:39.091, 0, 1785 MHz, 2619 MHz, 92.36 W, 1 %, 16059 MiB
2026/09/15 20:25:39.191, 0, 1785 MHz, 2619 MHz, 92.35 W, 1 %, 16059 MiB
2026/09/15 20:25:39.292, 0, 1785 MHz, 2619 MHz, 92.38 W, 2 %, 16059 MiB
2026/09/15 20:25:39.392, 0, 1785 MHz, 2619 MHz, 92.37 W, 2 %, 16059 MiB
2026/09/15 20:25:39.492, 0, 1785 MHz, 2619 MHz, 92.31 W, 2 %, 16059 MiB
2026/09/15 20:25:39.593, 0, 1785 MHz, 2619 MHz, 92.25 W, 2 %, 16059 MiB
2026/09/15 20:25:39.693, 0, 1785 MHz, 2619 MHz, 92.24 W, 2 %, 16059 MiB
2026/09/15 20:25:39.793, 0, 1785 MHz, 2619 MHz, 92.25 W, 2 %, 16059 MiB
2026/09/15 20:25:39.894, 0, 1785 MHz, 2619 MHz, 92.27 W, 2 %, 16059 MiB
2026/09/15 20:25:39.994, 0, 1785 MHz, 2619 MHz, 92.25 W, 2 %, 16059 MiB
2026/09/15 20:25:40.094, 0, 1785 MHz, 2619 MHz, 92.30 W, 2 %, 16059 MiB
2026/09/15 20:25:40.195, 0, 1785 MHz, 2619 MHz, 92.29 W, 2 %, 16059 MiB
2026/09/15 20:25:40.295, 0, 1785 MHz, 2619 MHz, 92.26 W, 2 %, 16059 MiB
2026/09/15 20:25:40.395, 0, 1785 MHz, 2619 MHz, 92.22 W, 2 %, 16059 MiB
2026/09/15 20:25:40.496, 0, 1785 MHz, 2619 MHz, 92.27 W, 2 %, 16059 MiB
2026/09/15 20:25:40.596, 0, 1785 MHz, 2619 MHz, 92.30 W, 2 %, 16059 MiB
2026/09/15 20:25:40.696, 0, 1785 MHz, 2619 MHz, 92.30 W, 2 %, 16059 MiB
2026/09/15 20:25:40.797, 0, 1785 MHz, 2619 MHz, 92.31 W, 2 %, 16059 MiB
2026/09/15 20:25:40.897, 0, 1785 MHz, 2619 MHz, 92.31 W, 2 %, 16059 MiB
2026/09/15 20:25:40.997, 0, 1785 MHz, 2619 MHz, 92.31 W, 2 %, 16059 MiB
2026/09/15 20:25:41.098, 0, 1785 MHz, 2619 MHz, 92.29 W, 2 %, 16059 MiB
2026/09/15 20:25:41.198, 0, 1785 MHz, 2619 MHz, 92.31 W, 2 %, 16059 MiB
2026/09/15 20:25:41.298, 0, 1785 MHz, 2619 MHz, 92.33 W, 2 %, 16059 MiB
2026/09/15 20:25:41.398, 0, 1785 MHz, 2619 MHz, 92.32 W, 2 %, 16059 MiB
2026/09/15 20:25:41.499, 0, 1785 MHz, 2619 MHz, 92.32 W, 2 %, 16059 MiB
2026/09/15 20:25:41.599, 0, 1785 MHz, 2619 MHz, 92.37 W, 2 %, 16059 MiB
2026/09/15 20:25:41.699, 0, 1785 MHz, 2619 MHz, 92.37 W, 2 %, 16059 MiB
2026/09/15 20:25:41.800, 0, 1785 MHz, 2619 MHz, 92.39 W, 2 %, 16059 MiB
2026/09/15 20:25:41.900, 0, 1785 MHz, 2619 MHz, 92.39 W, 2 %, 16059 MiB
2026/09/15 20:25:42.000, 0, 1785 MHz, 2619 MHz, 92.40 W, 2 %, 16059 MiB
2026/09/15 20:25:42.101, 0, 1785 MHz, 2619 MHz, 92.41 W, 2 %, 16059 MiB
2026/09/15 20:25:42.201, 0, 1785 MHz, 2619 MHz, 92.41 W, 2 %, 16059 MiB
2026/09/15 20:25:42.301, 0, 1785 MHz, 2619 MHz, 92.42 W, 2 %, 16059 MiB
2026/09/15 20:25:42.402, 0, 1785 MHz, 2619 MHz, 92.45 W, 2 %, 16059 MiB
2026/09/15 20:25:42.502, 0, 1785 MHz, 2619 MHz, 92.47 W, 2 %, 16059 MiB
2026/09/15 20:25:42.602, 0, 1785 MHz, 2619 MHz, 92.44 W, 2 %, 16059 MiB
2026/09/15 20:25:42.703, 0, 1785 MHz, 2619 MHz, 92.50 W, 2 %, 16059 MiB
2026/09/15 20:25:42.803, 0, 1785 MHz, 2619 MHz, 92.60 W, 2 %, 16059 MiB
2026/09/15 20:25:42.903, 0, 1785 MHz, 2619 MHz, 92.71 W, 14 %, 16059 MiB
2026/09/15 20:25:43.004, 0, 1785 MHz, 2619 MHz, 92.82 W, 14 %, 16059 MiB
2026/09/15 20:25:43.104, 0, 1785 MHz, 2619 MHz, 92.94 W, 14 %, 16059 MiB
2026/09/15 20:25:43.204, 0, 1785 MHz, 2619 MHz, 93.03 W, 14 %, 16059 MiB
2026/09/15 20:25:43.304, 0, 1785 MHz, 2619 MHz, 93.11 W, 14 %, 16059 MiB
2026/09/15 20:25:43.405, 0, 1785 MHz, 2619 MHz, 93.12 W, 14 %, 16059 MiB
2026/09/15 20:25:43.505, 0, 1785 MHz, 2619 MHz, 93.15 W, 2 %, 16059 MiB
2026/09/15 20:25:43.605, 0, 1785 MHz, 2619 MHz, 93.32 W, 2 %, 16059 MiB
2026/09/15 20:25:43.706, 0, 1785 MHz, 2619 MHz, 93.34 W, 14 %, 16059 MiB
2026/09/15 20:25:43.806, 0, 1785 MHz, 2619 MHz, 93.34 W, 14 %, 16059 MiB
2026/09/15 20:25:43.906, 0, 1785 MHz, 2619 MHz, 93.29 W, 13 %, 16059 MiB
2026/09/15 20:25:44.007, 0, 1785 MHz, 2619 MHz, 93.28 W, 13 %, 16059 MiB
2026/09/15 20:25:44.107, 0, 1785 MHz, 2619 MHz, 93.26 W, 13 %, 16059 MiB
2026/09/15 20:25:44.207, 0, 1785 MHz, 2619 MHz, 93.23 W, 13 %, 16059 MiB
2026/09/15 20:25:44.308, 0, 1785 MHz, 2619 MHz, 93.19 W, 7 %, 16059 MiB
2026/09/15 20:25:44.409, 0, 1785 MHz, 2619 MHz, 93.26 W, 7 %, 16059 MiB
2026/09/15 20:25:44.509, 0, 1785 MHz, 2619 MHz, 93.25 W, 15 %, 16059 MiB
2026/09/15 20:25:44.609, 0, 1785 MHz, 2619 MHz, 93.14 W, 15 %, 16059 MiB
2026/09/15 20:25:44.709, 0, 1785 MHz, 2619 MHz, 93.03 W, 0 %, 16059 MiB
2026/09/15 20:25:44.810, 0, 1785 MHz, 2619 MHz, 92.97 W, 0 %, 16059 MiB
2026/09/15 20:25:44.910, 0, 1785 MHz, 2619 MHz, 92.90 W, 0 %, 16059 MiB
2026/09/15 20:25:45.010, 0, 1785 MHz, 2619 MHz, 92.85 W, 0 %, 16059 MiB
2026/09/15 20:25:45.111, 0, 1785 MHz, 2619 MHz, 92.74 W, 0 %, 16615 MiB
2026/09/15 20:25:45.211, 0, 1785 MHz, 2619 MHz, 92.70 W, 0 %, 16615 MiB
2026/09/15 20:25:45.311, 0, 1785 MHz, 2619 MHz, 92.67 W, 0 %, 16615 MiB
2026/09/15 20:25:45.411, 0, 1785 MHz, 2619 MHz, 92.58 W, 0 %, 17161 MiB
2026/09/15 20:25:45.512, 0, 1785 MHz, 2619 MHz, 92.59 W, 0 %, 18761 MiB
2026/09/15 20:25:45.612, 0, 1785 MHz, 2619 MHz, 107.33 W, 0 %, 18761 MiB
2026/09/15 20:25:45.712, 0, 1185 MHz, 2619 MHz, 141.58 W, 56 %, 18761 MiB
2026/09/15 20:25:45.813, 0, 1185 MHz, 2619 MHz, 175.79 W, 56 %, 18761 MiB
2026/09/15 20:25:45.913, 0, 1170 MHz, 2619 MHz, 206.32 W, 100 %, 18761 MiB
2026/09/15 20:25:46.013, 0, 1170 MHz, 2619 MHz, 242.04 W, 100 %, 18761 MiB
2026/09/15 20:25:46.113, 0, 1740 MHz, 2619 MHz, 240.95 W, 90 %, 18761 MiB
2026/09/15 20:25:46.214, 0, 1770 MHz, 2619 MHz, 240.86 W, 90 %, 18761 MiB
2026/09/15 20:25:46.314, 0, 1770 MHz, 2619 MHz, 243.68 W, 0 %, 18761 MiB
2026/09/15 20:25:46.414, 0, 1770 MHz, 2619 MHz, 240.68 W, 0 %, 18761 MiB
2026/09/15 20:25:46.514, 0, 1785 MHz, 2619 MHz, 240.64 W, 0 %, 18761 MiB
2026/09/15 20:25:46.615, 0, 1785 MHz, 2619 MHz, 233.46 W, 0 %, 18761 MiB
2026/09/15 20:25:46.715, 0, 1785 MHz, 2619 MHz, 193.67 W, 0 %, 18761 MiB
2026/09/15 20:25:46.815, 0, 1785 MHz, 2619 MHz, 165.82 W, 0 %, 18761 MiB
2026/09/15 20:25:46.916, 0, 1785 MHz, 2619 MHz, 127.77 W, 0 %, 18761 MiB
2026/09/15 20:25:47.016, 0, 1785 MHz, 2619 MHz, 101.15 W, 0 %, 18761 MiB
2026/09/15 20:25:47.116, 0, 1785 MHz, 2619 MHz, 92.46 W, 0 %, 18761 MiB
2026/09/15 20:25:47.216, 0, 1785 MHz, 2619 MHz, 92.63 W, 0 %, 18761 MiB
2026/09/15 20:25:47.317, 0, 1785 MHz, 2619 MHz, 92.74 W, 0 %, 18761 MiB
2026/09/15 20:25:47.417, 0, 1785 MHz, 2619 MHz, 92.85 W, 0 %, 84643 MiB
2026/09/15 20:25:47.517, 0, 1785 MHz, 2619 MHz, 98.02 W, 0 %, 84643 MiB
2026/09/15 20:25:47.618, 0, 1785 MHz, 2619 MHz, 98.24 W, 0 %, 84643 MiB
2026/09/15 20:25:47.718, 0, 1785 MHz, 2619 MHz, 98.36 W, 0 %, 84643 MiB
2026/09/15 20:25:47.818, 0, 1785 MHz, 2619 MHz, 98.29 W, 0 %, 84643 MiB
2026/09/15 20:25:47.918, 0, 1785 MHz, 2619 MHz, 98.29 W, 0 %, 84643 MiB
2026/09/15 20:25:48.019, 0, 1785 MHz, 2619 MHz, 98.29 W, 0 %, 84643 MiB
2026/09/15 20:25:48.119, 0, 1785 MHz, 2619 MHz, 98.29 W, 0 %, 84643 MiB
2026/09/15 20:25:48.219, 0, 1785 MHz, 2619 MHz, 98.18 W, 0 %, 84643 MiB
2026/09/15 20:25:48.319, 0, 1785 MHz, 2619 MHz, 98.30 W, 0 %, 84643 MiB
2026/09/15 20:25:48.420, 0, 1785 MHz, 2619 MHz, 98.21 W, 0 %, 84643 MiB
2026/09/15 20:25:48.520, 0, 1785 MHz, 2619 MHz, 93.04 W, 0 %, 84643 MiB
2026/09/15 20:25:48.620, 0, 1785 MHz, 2619 MHz, 92.83 W, 0 %, 84899 MiB
2026/09/15 20:25:48.720, 0, 1725 MHz, 2619 MHz, 104.20 W, 1 %, 85653 MiB
2026/09/15 20:25:48.821, 0, 1650 MHz, 2619 MHz, 120.49 W, 1 %, 85653 MiB
2026/09/15 20:25:48.921, 0, 1770 MHz, 2619 MHz, 119.84 W, 27 %, 0 MiB
2026/09/15 20:25:49.166, 0, 1785 MHz, 2619 MHz, 125.14 W, 3 %, 0 MiB
2026/09/15 20:25:49.267, 0, 1785 MHz, 2619 MHz, 126.88 W, 100 %, 0 MiB
2026/09/15 20:25:49.367, 0, 1785 MHz, 2619 MHz, 127.88 W, 100 %, 0 MiB
2026/09/15 20:25:49.467, 0, 1785 MHz, 2619 MHz, 127.52 W, 0 %, 0 MiB
2026/09/15 20:25:49.568, 0, 1785 MHz, 2619 MHz, 128.48 W, 0 %, 0 MiB
2026/09/15 20:25:49.668, 0, 1785 MHz, 2619 MHz, 117.18 W, 0 %, 0 MiB
2026/09/15 20:25:49.768, 0, 1785 MHz, 2619 MHz, 101.36 W, 0 %, 0 MiB
2026/09/15 20:25:49.869, 0, 1785 MHz, 2619 MHz, 101.84 W, 0 %, 0 MiB
2026/09/15 20:25:49.969, 0, 1785 MHz, 2619 MHz, 101.93 W, 0 %, 0 MiB
2026/09/15 20:25:50.069, 0, 1785 MHz, 2619 MHz, 101.01 W, 0 %, 0 MiB
2026/09/15 20:25:50.170, 0, 1785 MHz, 2619 MHz, 98.42 W, 0 %, 0 MiB
2026/09/15 20:25:50.270, 0, 1785 MHz, 2619 MHz, 95.81 W, 0 %, 0 MiB
2026/09/15 20:25:50.370, 0, 1785 MHz, 2619 MHz, 95.81 W, 0 %, 0 MiB
2026/09/15 20:25:50.471, 0, 1785 MHz, 2619 MHz, 95.78 W, 0 %, 0 MiB
2026/09/15 20:25:50.571, 0, 1785 MHz, 2619 MHz, 95.79 W, 0 %, 0 MiB
