t,N,bw_gbps
0.000,0,111.515
0.250,0,111.515
0.500,2,111.515
0.750,2,111.515
1.000,2,111.515
1.250,4,111.515
1.500,4,111.515
1.750,3,111.515
2.000,4,111.515
2.250,6,111.515
2.500,5,111.515
2.750,7,111.515
3.000,7,111.515
3.250,9,111.515
3.500,9,111.515
3.750,10,111.515
4.000,10,111.515
4.250,10,111.515
4.500,9,111.515
4.750,9,111.515
5.000,10,111.515
5.250,10,111.515
5.500,10,111.515
5.750,10,111.515
6.000,9,111.515
6.250,9,111.515
6.500,9,111.515
6.750,9,111.515
7.000,8,111.515
7.250,8,111.515
7.500,8,111.515
7.750,8,111.515
8.000,7,111.515
8.250,8,111.515
8.500,8,111.515
8.750,8,111.515
9.000,8,111.515
9.250,9,111.515
9.500,9,111.515
9.750,8,111.515
10.000,8,111.515
10.250,6,111.515
10.500,6,111.515
10.750,5,111.515
11.000,5,111.515
11.250,4,111.515
11.500,3,111.515
11.750,2,111.515
12.000,3,111.515
12.250,4,111.515
12.500,4,111.515
12.750,3,111.515
13.000,3,111.515
13.250,3,111.515
13.500,3,111.515
13.750,3,111.515
14.000,5,111.515
14.250,6,111.515
14.500,6,111.515
14.750,6,111.515
15.000,6,111.515
15.250,5,111.515
15.500,6,111.515
15.750,7,111.515
16.000,7,111.515
16.250,8,111.515
16.500,8,111.515
16.750,7,111.515
17.000,8,111.515
17.250,6,111.515
17.500,7,111.515
17.750,6,111.515
18.000,8,111.515
18.250,10,111.515
18.500,10,111.515
18.750,9,111.515
19.000,9,111.515
19.250,9,111.515
19.500,10,111.515
19.750,11,111.515
20.000,10,111.515
20.250,10,111.515
20.500,11,111.515
20.750,11,111.515
21.000,12,111.515
21.250,12,111.515
21.500,11,111.515
21.750,11,111.515
22.000,11,111.515
22.250,12,111.515
22.500,12,111.515
22.750,11,111.515
23.000,11,111.515
23.250,12,111.515
23.500,12,111.515
23.750,11,111.515
24.000,12,111.515
24.250,11,111.515
24.500,10,111.515
24.750,11,111.515
25.000,11,111.515
25.250,11,111.515
25.500,11,111.515
25.750,10,111.515
26.000,10,111.515
26.250,9,111.515
26.500,9,111.515
26.750,9,111.515
27.000,8,111.515
27.250,9,111.515
27.500,9,111.515
27.750,9,111.515
28.000,9,111.515
28.250,9,111.515
28.500,9,111.515
28.750,9,111.515
29.000,8,111.515
29.250,7,111.515
29.500,7,111.515
29.750,7,111.515
30.000,7,48.485
30.250,8,48.485
30.500,9,48.485
30.750,10,48.485
31.000,10,48.485
31.250,10,48.485
31.500,10,48.485
31.750,11,48.485
32.000,12,48.485
32.250,12,48.485
32.500,13,48.485
32.750,13,48.485
33.000,13,48.485
33.250,14,48.485
33.500,13,48.485
33.750,12,48.485
34.000,12,48.485
34.250,12,48.485
34.500,13,48.485
34.750,13,48.485
35.000,14,48.485
35.250,13,48.485
35.500,13,48.485
35.750,13,48.485
36.000,13,48.485
36.250,13,48.485
36.500,14,48.485
36.750,14,48.485
37.000,14,48.485
37.250,13,48.485
37.500,12,48.485
37.750,13,48.485
38.000,12,48.485
38.250,12,48.485
38.500,12,48.485
38.750,11,48.485
39.000,12,48.485
39.250,12,48.485
39.500,13,48.485
39.750,13,48.485
40.000,13,48.485
40.250,12,48.485
40.500,11,48.485
40.750,12,48.485
41.000,12,48.485
41.250,12,48.485
41.500,11,48.485
41.750,11,48.485
42.000,10,48.485
42.250,10,48.485
42.500,10,48.485
42.750,10,48.485
43.000,10,48.485
43.250,10,48.485
43.500,10,48.485
43.750,10,48.485
44.000,9,48.485
44.250,11,48.485
44.500,11,48.485
44.750,11,48.485
45.000,11,48.485
45.250,12,48.485
45.500,12,48.485
45.750,12,48.485
46.000,13,48.485
46.250,13,48.485
46.500,13,48.485
46.750,13,48.485
47.000,13,48.485
47.250,13,48.485
47.500,13,48.485
47.750,13,48.485
48.000,12,48.485
48.250,12,48.485
48.500,11,48.485
48.750,10,48.485
49.000,9,48.485
49.250,9,48.485
49.500,7,48.485
49.750,8,48.485
50.000,8,48.485
50.250,8,48.485
50.500,7,48.485
50.750,6,48.485
51.000,7,48.485
51.250,8,48.485
51.500,9,48.485
51.750,9,48.485
52.000,9,48.485
52.250,10,48.485
52.500,10,48.485
52.750,11,48.485
53.000,14,48.485
53.250,14,48.485
53.500,14,48.485
53.750,14,48.485
54.000,14,48.485
54.250,15,48.485
54.500,16,48.485
54.750,17,48.485
55.000,17,48.485
55.250,17,48.485
55.500,17,48.485
55.750,17,48.485
56.000,16,48.485
56.250,17,48.485
56.500,17,48.485
56.750,18,48.485
57.000,18,48.485
57.250,18,48.485
57.500,18,48.485
57.750,18,48.485
58.000,18,48.485
58.250,18,48.485
58.500,17,48.485
58.750,17,48.485
59.000,18,48.485
59.250,18,48.485
59.500,18,48.485
59.750,18,48.485
60.000,18,111.515
60.250,18,111.515
60.500,17,111.515
60.750,17,111.515
61.000,17,111.515
61.250,15,111.515
61.500,15,111.515
61.750,16,111.515
62.000,17,111.515
62.250,15,111.515
62.500,15,111.515
62.750,15,111.515
63.000,15,111.515
63.250,14,111.515
63.500,13,111.515
63.750,10,111.515
64.000,10,111.515
64.250,11,111.515
64.500,10,111.515
64.750,9,111.515
65.000,8,111.515
65.250,6,111.515
65.500,5,111.515
65.750,5,111.515
66.000,5,111.515
66.250,5,111.515
66.500,3,111.515
66.750,5,111.515
67.000,6,111.515
67.250,8,111.515
67.500,8,111.515
67.750,9,111.515
68.000,9,111.515
68.250,9,111.515
68.500,10,111.515
68.750,12,111.515
69.000,12,111.515
69.250,11,111.515
69.500,12,111.515
69.750,12,111.515
70.000,12,111.515
70.250,12,111.515
70.500,11,111.515
70.750,11,111.515
71.000,11,111.515
71.250,10,111.515
71.500,10,111.515
71.750,8,111.515
72.000,8,111.515
72.250,9,111.515
72.500,8,111.515
72.750,8,111.515
73.000,8,111.515
73.250,7,111.515
73.500,7,111.515
73.750,7,111.515
74.000,5,111.515
74.250,5,111.515
74.500,6,111.515
74.750,6,111.515
75.000,6,111.515
75.250,8,111.515
75.500,7,111.515
75.750,7,111.515
76.000,6,111.515
76.250,6,111.515
76.500,6,111.515
76.750,6,111.515
77.000,7,111.515
77.250,5,111.515
77.500,5,111.515
77.750,4,111.515
78.000,4,111.515
78.250,4,111.515
78.500,3,111.515
78.750,3,111.515
79.000,2,111.515
79.250,2,111.515
79.500,2,111.515
79.750,3,111.515
80.000,2,111.515
80.250,1,111.515
80.500,1,111.515
80.750,1,111.515
81.000,2,111.515
81.250,2,111.515
81.500,1,111.515
81.750,2,111.515
82.000,2,111.515
82.250,2,111.515
82.500,4,111.515
82.750,6,111.515
83.000,6,111.515
83.250,10,111.515
83.500,11,111.515
83.750,13,111.515
84.000,12,111.515
84.250,12,111.515
84.500,12,111.515
84.750,12,111.515
85.000,12,111.515
85.250,13,111.515
85.500,13,111.515
85.750,11,111.515
86.000,12,111.515
86.250,13,111.515
86.500,11,111.515
86.750,12,111.515
87.000,14,111.515
87.250,13,111.515
87.500,13,111.515
87.750,13,111.515
88.000,13,111.515
88.250,13,111.515
88.500,12,111.515
88.750,12,111.515
89.000,11,111.515
89.250,11,111.515
89.500,10,111.515
89.750,10,111.515
90.000,10,48.485
90.250,10,48.485
90.500,9,48.485
90.750,9,48.485
91.000,9,48.485
91.250,9,48.485
91.500,8,48.485
91.750,8,48.485
92.000,8,48.485
92.250,9,48.485
92.500,9,48.485
92.750,9,48.485
93.000,9,48.485
93.250,10,48.485
93.500,11,48.485
93.750,12,48.485
94.000,12,48.485
94.250,12,48.485
94.500,12,48.485
94.750,12,48.485
95.000,13,48.485
95.250,15,48.485
95.500,15,48.485
95.750,15,48.485
96.000,15,48.485
96.250,14,48.485
96.500,14,48.485
96.750,14,48.485
97.000,14,48.485
97.250,14,48.485
97.500,15,48.485
97.750,15,48.485
98.000,16,48.485
98.250,16,48.485
98.500,16,48.485
98.750,18,48.485
99.000,18,48.485
99.250,19,48.485
99.500,19,48.485
99.750,19,48.485
100.000,19,48.485
100.250,19,48.485
100.500,19,48.485
100.750,18,48.485
101.000,17,48.485
101.250,17,48.485
101.500,17,48.485
101.750,17,48.485
102.000,17,48.485
102.250,18,48.485
102.500,17,48.485
102.750,17,48.485
103.000,16,48.485
103.250,16,48.485
103.500,17,48.485
103.750,17,48.485
104.000,17,48.485
104.250,17,48.485
104.500,18,48.485
104.750,19,48.485
105.000,20,48.485
105.250,21,48.485
105.500,19,48.485
105.750,19,48.485
106.000,19,48.485
106.250,20,48.485
106.500,20,48.485
106.750,18,48.485
107.000,17,48.485
107.250,15,48.485
107.500,15,48.485
107.750,14,48.485
108.000,15,48.485
108.250,16,48.485
108.500,17,48.485
108.750,17,48.485
109.000,17,48.485
109.250,17,48.485
109.500,17,48.485
109.750,18,48.485
110.000,18,48.485
110.250,18,48.485
110.500,18,48.485
110.750,17,48.485
111.000,17,48.485
111.250,16,48.485
111.500,16,48.485
111.750,16,48.485
112.000,16,48.485
112.250,16,48.485
112.500,16,48.485
112.750,17,48.485
113.000,16,48.485
113.250,15,48.485
113.500,15,48.485
113.750,15,48.485
114.000,14,48.485
114.250,15,48.485
114.500,14,48.485
114.750,14,48.485
115.000,14,48.485
115.250,14,48.485
115.500,15,48.485
115.750,15,48.485
116.000,14,48.485
116.250,14,48.485
116.500,14,48.485
116.750,15,48.485
117.000,15,48.485
117.250,15,48.485
117.500,12,48.485
117.750,14,48.485
118.000,14,48.485
118.250,14,48.485
118.500,15,48.485
118.750,18,48.485
119.000,19,48.485
119.250,20,48.485
119.500,19,48.485
119.750,19,48.485
120.000,19,111.515
120.250,19,111.515
120.500,19,111.515
120.750,18,111.515
121.000,18,111.515
121.250,17,111.515
121.500,17,111.515
121.750,17,111.515
122.000,16,111.515
122.250,16,111.515
122.500,17,111.515
122.750,17,111.515
123.000,17,111.515
123.250,16,111.515
123.500,15,111.515
123.750,15,111.515
124.000,15,111.515
124.250,15,111.515
124.500,15,111.515
124.750,14,111.515
125.000,15,111.515
125.250,15,111.515
125.500,15,111.515
125.750,14,111.515
126.000,14,111.515
126.250,13,111.515
126.500,13,111.515
126.750,13,111.515
127.000,12,111.515
127.250,12,111.515
127.500,12,111.515
127.750,12,111.515
128.000,12,111.515
128.250,13,111.515
128.500,13,111.515
128.750,10,111.515
129.000,9,111.515
129.250,9,111.515
129.500,9,111.515
129.750,8,111.515
130.000,8,111.515
130.250,8,111.515
130.500,9,111.515
130.750,9,111.515
131.000,10,111.515
131.250,12,111.515
131.500,13,111.515
131.750,13,111.515
132.000,13,111.515
132.250,14,111.515
132.500,14,111.515
132.750,13,111.515
133.000,13,111.515
133.250,13,111.515
133.500,13,111.515
133.750,12,111.515
134.000,13,111.515
134.250,13,111.515
134.500,13,111.515
134.750,12,111.515
135.000,10,111.515
135.250,11,111.515
135.500,11,111.515
135.750,11,111.515
136.000,10,111.515
136.250,10,111.515
136.500,11,111.515
136.750,11,111.515
137.000,11,111.515
137.250,11,111.515
137.500,11,111.515
137.750,13,111.515
138.000,13,111.515
138.250,13,111.515
138.500,10,111.515
138.750,8,111.515
139.000,7,111.515
139.250,7,111.515
139.500,7,111.515
139.750,7,111.515
140.000,7,111.515
140.250,6,111.515
140.500,7,111.515
140.750,7,111.515
141.000,7,111.515
141.250,7,111.515
141.500,8,111.515
141.750,8,111.515
142.000,8,111.515
142.250,8,111.515
142.500,9,111.515
142.750,8,111.515
143.000,8,111.515
143.250,8,111.515
143.500,8,111.515
143.750,8,111.515
144.000,8,111.515
144.250,8,111.515
144.500,8,111.515
144.750,8,111.515
145.000,8,111.515
145.250,8,111.515
145.500,7,111.515
145.750,8,111.515
146.000,7,111.515
146.250,7,111.515
146.500,5,111.515
146.750,4,111.515
147.000,3,111.515
147.250,3,111.515
147.500,3,111.515
147.750,3,111.515
148.000,3,111.515
148.250,2,111.515
148.500,2,111.515
148.750,3,111.515
149.000,3,111.515
149.250,3,111.515
149.500,2,111.515
149.750,2,111.515
150.000,1,48.485
150.250,0,48.485
150.500,0,48.485
150.750,0,48.485
151.000,0,48.485
151.250,0,48.485
151.500,1,48.485
151.750,1,48.485
152.000,1,48.485
152.250,2,48.485
152.500,4,48.485
152.750,5,48.485
153.000,5,48.485
153.250,5,48.485
153.500,4,48.485
153.750,4,48.485
154.000,4,48.485
154.250,3,48.485
154.500,3,48.485
154.750,3,48.485
155.000,3,48.485
155.250,3,48.485
155.500,2,48.485
155.750,4,48.485
156.000,3,48.485
156.250,3,48.485
156.500,3,48.485
156.750,1,48.485
157.000,1,48.485
157.250,1,48.485
157.500,1,48.485
157.750,1,48.485
158.000,1,48.485
158.250,1,48.485
158.500,1,48.485
158.750,1,48.485
159.000,0,48.485
159.250,0,48.485
159.500,0,48.485
159.750,0,48.485
160.000,1,48.485
160.250,1,48.485
160.500,1,48.485
160.750,2,48.485
161.000,3,48.485
161.250,3,48.485
161.500,3,48.485
161.750,5,48.485
162.000,5,48.485
162.250,4,48.485
162.500,4,48.485
162.750,3,48.485
163.000,3,48.485
163.250,2,48.485
163.500,2,48.485
163.750,2,48.485
164.000,2,48.485
164.250,2,48.485
164.500,3,48.485
164.750,1,48.485
165.000,1,48.485
165.250,2,48.485
165.500,2,48.485
165.750,3,48.485
166.000,3,48.485
166.250,3,48.485
166.500,3,48.485
166.750,3,48.485
167.000,2,48.485
167.250,1,48.485
167.500,1,48.485
167.750,1,48.485
168.000,1,48.485
168.250,2,48.485
168.500,2,48.485
168.750,2,48.485
169.000,2,48.485
169.250,1,48.485
169.500,0,48.485
169.750,1,48.485
170.000,1,48.485
170.250,1,48.485
170.500,1,48.485
170.750,1,48.485
171.000,1,48.485
171.250,3,48.485
171.500,3,48.485
171.750,4,48.485
172.000,4,48.485
172.250,4,48.485
172.500,3,48.485
172.750,4,48.485
173.000,5,48.485
173.250,6,48.485
173.500,6,48.485
173.750,6,48.485
174.000,6,48.485
174.250,6,48.485
174.500,6,48.485
174.750,6,48.485
175.000,7,48.485
175.250,8,48.485
175.500,8,48.485
175.750,9,48.485
176.000,9,48.485
176.250,9,48.485
176.500,10,48.485
176.750,10,48.485
177.000,10,48.485
177.250,10,48.485
177.500,10,48.485
177.750,10,48.485
178.000,10,48.485
178.250,10,48.485
178.500,11,48.485
178.750,11,48.485
179.000,11,48.485
179.250,11,48.485
179.500,11,48.485
179.750,10,48.485
180.000,10,111.515
180.250,9,111.515
180.500,10,111.515
180.750,8,111.515
181.000,9,111.515
181.250,9,111.515
181.500,9,111.515
181.750,8,111.515
182.000,9,111.515
182.250,9,111.515
182.500,12,111.515
182.750,11,111.515
183.000,11,111.515
183.250,10,111.515
183.500,10,111.515
183.750,10,111.515
184.000,11,111.515
184.250,11,111.515
184.500,11,111.515
184.750,11,111.515
185.000,10,111.515
185.250,11,111.515
185.500,11,111.515
185.750,10,111.515
186.000,9,111.515
186.250,9,111.515
186.500,8,111.515
186.750,8,111.515
187.000,8,111.515
187.250,7,111.515
187.500,8,111.515
187.750,7,111.515
188.000,7,111.515
188.250,6,111.515
188.500,7,111.515
188.750,8,111.515
189.000,8,111.515
189.250,9,111.515
189.500,10,111.515
189.750,11,111.515
190.000,11,111.515
190.250,11,111.515
190.500,10,111.515
190.750,11,111.515
191.000,11,111.515
191.250,11,111.515
191.500,11,111.515
191.750,11,111.515
192.000,12,111.515
192.250,12,111.515
192.500,12,111.515
192.750,12,111.515
193.000,13,111.515
193.250,12,111.515
193.500,12,111.515
193.750,12,111.515
194.000,11,111.515
194.250,11,111.515
194.500,11,111.515
194.750,10,111.515
195.000,10,111.515
195.250,11,111.515
195.500,11,111.515
195.750,11,111.515
196.000,12,111.515
196.250,12,111.515
196.500,13,111.515
196.750,13,111.515
197.000,13,111.515
197.250,13,111.515
197.500,13,111.515
197.750,14,111.515
198.000,14,111.515
198.250,15,111.515
198.500,15,111.515
198.750,16,111.515
199.000,16,111.515
199.250,17,111.515
199.500,17,111.515
199.750,17,111.515
200.000,17,111.515
200.250,17,111.515
200.500,17,111.515
200.750,17,111.515
201.000,17,111.515
201.250,16,111.515
201.500,17,111.515
201.750,16,111.515
202.000,16,111.515
202.250,17,111.515
202.500,16,111.515
202.750,15,111.515
203.000,15,111.515
203.250,15,111.515
203.500,15,111.515
203.750,16,111.515
204.000,15,111.515
204.250,14,111.515
204.500,14,111.515
204.750,14,111.515
205.000,13,111.515
205.250,11,111.515
205.500,11,111.515
205.750,11,111.515
206.000,12,111.515
206.250,13,111.515
206.500,13,111.515
206.750,14,111.515
207.000,14,111.515
207.250,14,111.515
207.500,14,111.515
207.750,14,111.515
208.000,14,111.515
208.250,14,111.515
208.500,13,111.515
208.750,13,111.515
209.000,13,111.515
209.250,13,111.515
209.500,13,111.515
209.750,12,111.515
210.000,12,48.485
210.250,13,48.485
210.500,15,48.485
210.750,14,48.485
211.000,16,48.485
211.250,17,48.485
211.500,17,48.485
211.750,17,48.485
212.000,18,48.485
212.250,18,48.485
212.500,18,48.485
212.750,18,48.485
213.000,18,48.485
213.250,17,48.485
213.500,17,48.485
213.750,17,48.485
214.000,17,48.485
214.250,17,48.485
214.500,17,48.485
214.750,17,48.485
215.000,18,48.485
215.250,18,48.485
215.500,18,48.485
215.750,18,48.485
216.000,19,48.485
216.250,18,48.485
216.500,18,48.485
216.750,20,48.485
217.000,20,48.485
217.250,18,48.485
217.500,17,48.485
217.750,17,48.485
218.000,16,48.485
218.250,16,48.485
218.500,17,48.485
218.750,17,48.485
219.000,17,48.485
219.250,17,48.485
219.500,17,48.485
219.750,17,48.485
220.000,16,48.485
220.250,16,48.485
220.500,16,48.485
220.750,15,48.485
221.000,14,48.485
221.250,15,48.485
221.500,14,48.485
221.750,14,48.485
222.000,14,48.485
222.250,14,48.485
222.500,13,48.485
222.750,13,48.485
223.000,13,48.485
223.250,13,48.485
223.500,14,48.485
223.750,15,48.485
224.000,14,48.485
224.250,15,48.485
224.500,15,48.485
224.750,14,48.485
225.000,13,48.485
225.250,12,48.485
225.500,11,48.485
225.750,10,48.485
226.000,9,48.485
226.250,9,48.485
226.500,8,48.485
226.750,8,48.485
227.000,8,48.485
227.250,8,48.485
227.500,7,48.485
227.750,6,48.485
228.000,5,48.485
228.250,3,48.485
228.500,3,48.485
228.750,3,48.485
229.000,3,48.485
229.250,2,48.485
229.500,3,48.485
229.750,3,48.485
230.000,3,48.485
230.250,4,48.485
230.500,4,48.485
230.750,5,48.485
231.000,5,48.485
231.250,5,48.485
231.500,5,48.485
231.750,7,48.485
232.000,7,48.485
232.250,7,48.485
232.500,7,48.485
232.750,8,48.485
233.000,9,48.485
233.250,9,48.485
233.500,9,48.485
233.750,10,48.485
234.000,10,48.485
234.250,11,48.485
234.500,12,48.485
234.750,12,48.485
235.000,12,48.485
235.250,12,48.485
235.500,12,48.485
235.750,11,48.485
236.000,11,48.485
236.250,10,48.485
236.500,9,48.485
236.750,9,48.485
237.000,9,48.485
237.250,9,48.485
237.500,10,48.485
237.750,10,48.485
238.000,9,48.485
238.250,9,48.485
238.500,9,48.485
238.750,10,48.485
239.000,10,48.485
239.250,10,48.485
239.500,10,48.485
239.750,10,48.485
240.000,10,111.515
240.250,10,111.515
240.500,8,111.515
240.750,8,111.515
241.000,8,111.515
241.250,8,111.515
241.500,8,111.515
241.750,9,111.515
242.000,9,111.515
242.250,9,111.515
242.500,8,111.515
242.750,9,111.515
243.000,11,111.515
243.250,11,111.515
243.500,12,111.515
243.750,11,111.515
244.000,11,111.515
244.250,11,111.515
244.500,10,111.515
244.750,9,111.515
245.000,9,111.515
245.250,9,111.515
245.500,8,111.515
245.750,5,111.515
246.000,5,111.515
246.250,4,111.515
246.500,5,111.515
246.750,4,111.515
247.000,4,111.515
247.250,4,111.515
247.500,3,111.515
247.750,2,111.515
248.000,1,111.515
248.250,0,111.515
248.500,0,111.515
248.750,1,111.515
249.000,0,111.515
249.250,0,111.515
249.500,1,111.515
249.750,0,111.515
250.000,0,111.515
250.250,2,111.515
250.500,3,111.515
250.750,3,111.515
251.000,3,111.515
251.250,2,111.515
251.500,1,111.515
251.750,2,111.515
252.000,2,111.515
252.250,2,111.515
252.500,0,111.515
252.750,0,111.515
253.000,0,111.515
253.250,0,111.515
253.500,0,111.515
253.750,1,111.515
254.000,0,111.515
254.250,0,111.515
254.500,1,111.515
254.750,1,111.515
255.000,0,111.515
255.250,0,111.515
255.500,0,111.515
255.750,2,111.515
256.000,2,111.515
256.250,1,111.515
256.500,0,111.515
256.750,0,111.515
257.000,0,111.515
257.250,2,111.515
257.500,2,111.515
257.750,2,111.515
258.000,1,111.515
258.250,1,111.515
258.500,1,111.515
258.750,2,111.515
259.000,1,111.515
259.250,2,111.515
259.500,3,111.515
259.750,3,111.515
260.000,2,111.515
260.250,1,111.515
260.500,0,111.515
260.750,0,111.515
261.000,0,111.515
261.250,0,111.515
261.500,0,111.515
261.750,0,111.515
262.000,1,111.515
262.250,3,111.515
262.500,2,111.515
262.750,2,111.515
263.000,3,111.515
263.250,6,111.515
263.500,7,111.515
263.750,8,111.515
264.000,9,111.515
264.250,9,111.515
264.500,9,111.515
264.750,9,111.515
265.000,9,111.515
265.250,10,111.515
265.500,10,111.515
265.750,9,111.515
266.000,11,111.515
266.250,11,111.515
266.500,12,111.515
266.750,12,111.515
267.000,11,111.515
267.250,11,111.515
267.500,12,111.515
267.750,12,111.515
268.000,12,111.515
268.250,14,111.515
268.500,13,111.515
268.750,12,111.515
269.000,12,111.515
269.250,12,111.515
269.500,12,111.515
269.750,12,111.515
270.000,11,48.485
270.250,11,48.485
270.500,11,48.485
270.750,12,48.485
271.000,13,48.485
271.250,13,48.485
271.500,12,48.485
271.750,12,48.485
272.000,12,48.485
272.250,13,48.485
272.500,14,48.485
272.750,14,48.485
273.000,15,48.485
273.250,14,48.485
273.500,13,48.485
273.750,13,48.485
274.000,13,48.485
274.250,13,48.485
274.500,14,48.485
274.750,15,48.485
275.000,15,48.485
275.250,16,48.485
275.500,16,48.485
275.750,16,48.485
276.000,16,48.485
276.250,17,48.485
276.500,17,48.485
276.750,17,48.485
277.000,17,48.485
277.250,17,48.485
277.500,15,48.485
277.750,14,48.485
278.000,14,48.485
278.250,14,48.485
278.500,14,48.485
278.750,14,48.485
279.000,13,48.485
279.250,14,48.485
279.500,15,48.485
279.750,15,48.485
280.000,15,48.485
280.250,13,48.485
280.500,13,48.485
280.750,14,48.485
281.000,14,48.485
281.250,13,48.485
281.500,13,48.485
281.750,14,48.485
282.000,14,48.485
282.250,13,48.485
282.500,14,48.485
282.750,15,48.485
283.000,15,48.485
283.250,19,48.485
283.500,19,48.485
283.750,19,48.485
284.000,19,48.485
284.250,20,48.485
284.500,21,48.485
284.750,23,48.485
285.000,23,48.485
285.250,23,48.485
285.500,23,48.485
285.750,23,48.485
286.000,24,48.485
286.250,24,48.485
286.500,24,48.485
286.750,24,48.485
287.000,24,48.485
287.250,24,48.485
287.500,24,48.485
287.750,25,48.485
288.000,25,48.485
288.250,25,48.485
288.500,26,48.485
288.750,27,48.485
289.000,27,48.485
289.250,28,48.485
289.500,28,48.485
289.750,29,48.485
290.000,29,48.485
290.250,30,48.485
290.500,31,48.485
290.750,30,48.485
291.000,30,48.485
291.250,30,48.485
291.500,30,48.485
291.750,30,48.485
292.000,30,48.485
292.250,29,48.485
292.500,29,48.485
292.750,29,48.485
293.000,28,48.485
293.250,28,48.485
293.500,27,48.485
293.750,27,48.485
294.000,27,48.485
294.250,27,48.485
294.500,25,48.485
294.750,25,48.485
295.000,25,48.485
295.250,25,48.485
295.500,25,48.485
295.750,25,48.485
296.000,25,48.485
296.250,26,48.485
296.500,26,48.485
296.750,25,48.485
297.000,25,48.485
297.250,25,48.485
297.500,25,48.485
297.750,25,48.485
298.000,25,48.485
298.250,25,48.485
298.500,23,48.485
298.750,24,48.485
299.000,25,48.485
299.250,27,48.485
299.500,27,48.485
299.750,28,48.485
300.000,27,111.515
300.250,28,111.515
300.500,28,111.515
300.750,29,111.515
301.000,30,111.515
301.250,30,111.515
301.500,31,111.515
301.750,33,111.515
302.000,35,111.515
302.250,36,111.515
302.500,38,111.515
302.750,38,111.515
303.000,38,111.515
303.250,39,111.515
303.500,39,111.515
303.750,40,111.515
304.000,40,111.515
304.250,38,111.515
304.500,37,111.515
304.750,37,111.515
305.000,37,111.515
305.250,36,111.515
305.500,34,111.515
305.750,35,111.515
306.000,35,111.515
306.250,35,111.515
306.500,36,111.515
306.750,36,111.515
307.000,36,111.515
307.250,36,111.515
307.500,34,111.515
307.750,34,111.515
308.000,34,111.515
308.250,34,111.515
308.500,34,111.515
308.750,34,111.515
309.000,34,111.515
309.250,33,111.515
309.500,33,111.515
309.750,33,111.515
310.000,33,111.515
310.250,33,111.515
310.500,33,111.515
310.750,33,111.515
311.000,33,111.515
311.250,33,111.515
311.500,32,111.515
311.750,32,111.515
312.000,32,111.515
312.250,32,111.515
312.500,31,111.515
312.750,31,111.515
313.000,32,111.515
313.250,31,111.515
313.500,29,111.515
313.750,30,111.515
314.000,30,111.515
314.250,30,111.515
314.500,30,111.515
314.750,30,111.515
315.000,31,111.515
315.250,31,111.515
315.500,29,111.515
315.750,28,111.515
316.000,27,111.515
316.250,26,111.515
316.500,26,111.515
316.750,27,111.515
317.000,27,111.515
317.250,27,111.515
317.500,28,111.515
317.750,27,111.515
318.000,26,111.515
318.250,26,111.515
318.500,26,111.515
318.750,24,111.515
319.000,23,111.515
319.250,22,111.515
319.500,22,111.515
319.750,24,111.515
320.000,24,111.515
320.250,24,111.515
320.500,24,111.515
320.750,25,111.515
321.000,25,111.515
321.250,23,111.515
321.500,23,111.515
321.750,23,111.515
322.000,23,111.515
322.250,24,111.515
322.500,24,111.515
322.750,24,111.515
323.000,23,111.515
323.250,23,111.515
323.500,24,111.515
323.750,24,111.515
324.000,24,111.515
324.250,24,111.515
324.500,22,111.515
324.750,22,111.515
325.000,22,111.515
325.250,22,111.515
325.500,22,111.515
325.750,22,111.515
326.000,22,111.515
326.250,22,111.515
326.500,22,111.515
326.750,21,111.515
327.000,22,111.515
327.250,22,111.515
327.500,22,111.515
327.750,22,111.515
328.000,22,111.515
328.250,22,111.515
328.500,22,111.515
328.750,23,111.515
329.000,26,111.515
329.250,27,111.515
329.500,28,111.515
329.750,28,111.515
330.000,26,48.485
330.250,26,48.485
330.500,26,48.485
330.750,26,48.485
331.000,26,48.485
331.250,25,48.485
331.500,25,48.485
331.750,24,48.485
332.000,25,48.485
332.250,25,48.485
332.500,25,48.485
332.750,26,48.485
333.000,26,48.485
333.250,26,48.485
333.500,26,48.485
333.750,27,48.485
334.000,26,48.485
334.250,28,48.485
334.500,27,48.485
334.750,27,48.485
335.000,27,48.485
335.250,28,48.485
335.500,28,48.485
335.750,28,48.485
336.000,27,48.485
336.250,27,48.485
336.500,27,48.485
336.750,27,48.485
337.000,27,48.485
337.250,27,48.485
337.500,27,48.485
337.750,27,48.485
338.000,27,48.485
338.250,28,48.485
338.500,28,48.485
338.750,28,48.485
339.000,28,48.485
339.250,29,48.485
339.500,30,48.485
339.750,31,48.485
340.000,31,48.485
340.250,31,48.485
340.500,31,48.485
340.750,32,48.485
341.000,33,48.485
341.250,33,48.485
341.500,31,48.485
341.750,31,48.485
342.000,32,48.485
342.250,32,48.485
342.500,32,48.485
342.750,32,48.485
343.000,32,48.485
343.250,32,48.485
343.500,32,48.485
343.750,30,48.485
344.000,30,48.485
344.250,30,48.485
344.500,30,48.485
344.750,30,48.485
345.000,29,48.485
345.250,29,48.485
345.500,30,48.485
345.750,29,48.485
346.000,30,48.485
346.250,30,48.485
346.500,30,48.485
346.750,30,48.485
347.000,31,48.485
347.250,31,48.485
347.500,31,48.485
347.750,31,48.485
348.000,32,48.485
348.250,32,48.485
348.500,30,48.485
348.750,31,48.485
349.000,31,48.485
349.250,31,48.485
349.500,34,48.485
349.750,34,48.485
350.000,33,48.485
350.250,32,48.485
350.500,32,48.485
350.750,33,48.485
351.000,33,48.485
351.250,32,48.485
351.500,32,48.485
351.750,35,48.485
352.000,36,48.485
352.250,36,48.485
352.500,35,48.485
352.750,36,48.485
353.000,35,48.485
353.250,35,48.485
353.500,34,48.485
353.750,35,48.485
354.000,35,48.485
354.250,35,48.485
354.500,36,48.485
354.750,37,48.485
355.000,37,48.485
355.250,38,48.485
355.500,38,48.485
355.750,39,48.485
356.000,39,48.485
356.250,41,48.485
356.500,41,48.485
356.750,41,48.485
357.000,41,48.485
357.250,41,48.485
357.500,40,48.485
357.750,39,48.485
358.000,40,48.485
358.250,41,48.485
358.500,41,48.485
358.750,41,48.485
359.000,41,48.485
359.250,41,48.485
359.500,40,48.485
359.750,40,48.485
360.000,40,111.515
360.250,38,111.515
360.500,37,111.515
360.750,37,111.515
361.000,37,111.515
361.250,36,111.515
361.500,35,111.515
361.750,35,111.515
362.000,35,111.515
362.250,35,111.515
362.500,35,111.515
362.750,33,111.515
363.000,35,111.515
363.250,34,111.515
363.500,35,111.515
363.750,33,111.515
364.000,32,111.515
364.250,31,111.515
364.500,30,111.515
364.750,31,111.515
365.000,30,111.515
365.250,30,111.515
365.500,30,111.515
365.750,30,111.515
366.000,29,111.515
366.250,29,111.515
366.500,27,111.515
366.750,26,111.515
367.000,25,111.515
367.250,25,111.515
367.500,24,111.515
367.750,25,111.515
368.000,26,111.515
368.250,27,111.515
368.500,27,111.515
368.750,25,111.515
369.000,25,111.515
369.250,24,111.515
369.500,23,111.515
369.750,23,111.515
370.000,22,111.515
370.250,23,111.515
370.500,24,111.515
370.750,23,111.515
371.000,22,111.515
371.250,24,111.515
371.500,24,111.515
371.750,25,111.515
372.000,23,111.515
372.250,23,111.515
372.500,23,111.515
372.750,23,111.515
373.000,23,111.515
373.250,23,111.515
373.500,23,111.515
373.750,23,111.515
374.000,24,111.515
374.250,24,111.515
374.500,22,111.515
374.750,22,111.515
375.000,21,111.515
375.250,21,111.515
375.500,22,111.515
375.750,22,111.515
376.000,23,111.515
376.250,23,111.515
376.500,23,111.515
376.750,23,111.515
377.000,23,111.515
377.250,23,111.515
377.500,23,111.515
377.750,23,111.515
378.000,23,111.515
378.250,23,111.515
378.500,24,111.515
378.750,24,111.515
379.000,23,111.515
379.250,23,111.515
379.500,23,111.515
379.750,22,111.515
380.000,22,111.515
380.250,23,111.515
380.500,22,111.515
380.750,25,111.515
381.000,25,111.515
381.250,26,111.515
381.500,25,111.515
381.750,26,111.515
382.000,26,111.515
382.250,27,111.515
382.500,27,111.515
382.750,27,111.515
383.000,27,111.515
383.250,27,111.515
383.500,27,111.515
383.750,26,111.515
384.000,26,111.515
384.250,28,111.515
384.500,28,111.515
384.750,28,111.515
385.000,28,111.515
385.250,29,111.515
385.500,27,111.515
385.750,27,111.515
386.000,25,111.515
386.250,25,111.515
386.500,27,111.515
386.750,27,111.515
387.000,26,111.515
387.250,25,111.515
387.500,25,111.515
387.750,25,111.515
388.000,24,111.515
388.250,22,111.515
388.500,22,111.515
388.750,21,111.515
389.000,21,111.515
389.250,21,111.515
389.500,21,111.515
389.750,21,111.515
390.000,21,48.485
390.250,21,48.485
390.500,21,48.485
390.750,21,48.485
391.000,19,48.485
391.250,20,48.485
391.500,19,48.485
391.750,20,48.485
392.000,20,48.485
392.250,21,48.485
392.500,21,48.485
392.750,19,48.485
393.000,18,48.485
393.250,18,48.485
393.500,18,48.485
393.750,18,48.485
394.000,18,48.485
394.250,18,48.485
394.500,17,48.485
394.750,16,48.485
395.000,16,48.485
395.250,16,48.485
395.500,16,48.485
395.750,15,48.485
396.000,15,48.485
396.250,15,48.485
396.500,15,48.485
396.750,14,48.485
397.000,15,48.485
397.250,15,48.485
397.500,15,48.485
397.750,16,48.485
398.000,15,48.485
398.250,14,48.485
398.500,15,48.485
398.750,18,48.485
399.000,18,48.485
399.250,18,48.485
399.500,17,48.485
399.750,17,48.485
400.000,17,48.485
400.250,18,48.485
400.500,18,48.485
400.750,18,48.485
401.000,18,48.485
401.250,18,48.485
401.500,18,48.485
401.750,18,48.485
402.000,18,48.485
402.250,18,48.485
402.500,18,48.485
402.750,19,48.485
403.000,20,48.485
403.250,18,48.485
403.500,19,48.485
403.750,19,48.485
404.000,20,48.485
404.250,20,48.485
404.500,20,48.485
404.750,20,48.485
405.000,19,48.485
405.250,19,48.485
405.500,18,48.485
405.750,18,48.485
406.000,17,48.485
406.250,18,48.485
406.500,18,48.485
406.750,17,48.485
407.000,16,48.485
407.250,16,48.485
407.500,16,48.485
407.750,16,48.485
408.000,16,48.485
408.250,16,48.485
408.500,15,48.485
408.750,15,48.485
409.000,16,48.485
409.250,16,48.485
409.500,16,48.485
409.750,17,48.485
410.000,17,48.485
410.250,17,48.485
410.500,16,48.485
410.750,16,48.485
411.000,16,48.485
411.250,16,48.485
411.500,14,48.485
411.750,14,48.485
412.000,13,48.485
412.250,13,48.485
412.500,13,48.485
412.750,13,48.485
413.000,13,48.485
413.250,13,48.485
413.500,13,48.485
413.750,14,48.485
414.000,14,48.485
414.250,14,48.485
414.500,14,48.485
414.750,14,48.485
415.000,14,48.485
415.250,15,48.485
415.500,15,48.485
415.750,14,48.485
416.000,14,48.485
416.250,15,48.485
416.500,14,48.485
416.750,15,48.485
417.000,15,48.485
417.250,15,48.485
417.500,15,48.485
417.750,16,48.485
418.000,15,48.485
418.250,14,48.485
418.500,15,48.485
418.750,16,48.485
419.000,16,48.485
419.250,16,48.485
419.500,16,48.485
419.750,16,48.485
420.000,16,111.515
420.250,15,111.515
420.500,15,111.515
420.750,17,111.515
421.000,17,111.515
421.250,18,111.515
421.500,19,111.515
421.750,18,111.515
422.000,19,111.515
422.250,19,111.515
422.500,18,111.515
422.750,15,111.515
423.000,16,111.515
423.250,16,111.515
423.500,15,111.515
423.750,15,111.515
424.000,14,111.515
424.250,14,111.515
424.500,14,111.515
424.750,13,111.515
425.000,12,111.515
425.250,11,111.515
425.500,11,111.515
425.750,12,111.515
426.000,12,111.515
426.250,12,111.515
426.500,11,111.515
426.750,11,111.515
427.000,12,111.515
427.250,12,111.515
427.500,13,111.515
427.750,13,111.515
428.000,15,111.515
428.250,17,111.515
428.500,17,111.515
428.750,17,111.515
429.000,17,111.515
429.250,17,111.515
429.500,17,111.515
429.750,16,111.515
430.000,16,111.515
430.250,16,111.515
430.500,16,111.515
430.750,17,111.515
431.000,17,111.515
431.250,17,111.515
431.500,17,111.515
431.750,14,111.515
432.000,13,111.515
432.250,13,111.515
432.500,13,111.515
432.750,13,111.515
433.000,13,111.515
433.250,13,111.515
433.500,13,111.515
433.750,12,111.515
434.000,11,111.515
434.250,9,111.515
434.500,9,111.515
434.750,9,111.515
435.000,9,111.515
435.250,9,111.515
435.500,8,111.515
435.750,7,111.515
436.000,7,111.515
436.250,6,111.515
436.500,6,111.515
436.750,7,111.515
437.000,7,111.515
437.250,9,111.515
437.500,11,111.515
437.750,13,111.515
438.000,14,111.515
438.250,15,111.515
438.500,15,111.515
438.750,15,111.515
439.000,16,111.515
439.250,16,111.515
439.500,16,111.515
439.750,16,111.515
440.000,15,111.515
440.250,14,111.515
440.500,15,111.515
440.750,13,111.515
441.000,13,111.515
441.250,13,111.515
441.500,14,111.515
441.750,13,111.515
442.000,12,111.515
442.250,13,111.515
442.500,13,111.515
442.750,13,111.515
443.000,13,111.515
443.250,13,111.515
443.500,15,111.515
443.750,16,111.515
444.000,15,111.515
444.250,14,111.515
444.500,14,111.515
444.750,13,111.515
445.000,12,111.515
445.250,12,111.515
445.500,11,111.515
445.750,9,111.515
446.000,7,111.515
446.250,7,111.515
446.500,7,111.515
446.750,7,111.515
447.000,8,111.515
447.250,8,111.515
447.500,8,111.515
447.750,8,111.515
448.000,8,111.515
448.250,8,111.515
448.500,7,111.515
448.750,6,111.515
449.000,6,111.515
449.250,8,111.515
449.500,9,111.515
449.750,10,111.515
450.000,9,48.485
450.250,10,48.485
450.500,10,48.485
450.750,11,48.485
451.000,11,48.485
451.250,11,48.485
451.500,11,48.485
451.750,11,48.485
452.000,11,48.485
452.250,11,48.485
452.500,9,48.485
452.750,9,48.485
453.000,9,48.485
453.250,9,48.485
453.500,8,48.485
453.750,7,48.485
454.000,6,48.485
454.250,6,48.485
454.500,5,48.485
454.750,5,48.485
455.000,4,48.485
455.250,4,48.485
455.500,3,48.485
455.750,5,48.485
456.000,5,48.485
456.250,5,48.485
456.500,5,48.485
456.750,6,48.485
457.000,6,48.485
457.250,6,48.485
457.500,6,48.485
457.750,5,48.485
458.000,5,48.485
458.250,4,48.485
458.500,5,48.485
458.750,5,48.485
459.000,6,48.485
459.250,6,48.485
459.500,8,48.485
459.750,8,48.485
460.000,9,48.485
460.250,8,48.485
460.500,8,48.485
460.750,8,48.485
461.000,8,48.485
461.250,8,48.485
461.500,7,48.485
461.750,7,48.485
462.000,8,48.485
462.250,6,48.485
462.500,6,48.485
462.750,6,48.485
463.000,6,48.485
463.250,7,48.485
463.500,7,48.485
463.750,7,48.485
464.000,7,48.485
464.250,7,48.485
464.500,8,48.485
464.750,8,48.485
465.000,8,48.485
465.250,8,48.485
465.500,8,48.485
465.750,7,48.485
466.000,7,48.485
466.250,6,48.485
466.500,6,48.485
466.750,6,48.485
467.000,5,48.485
467.250,4,48.485
467.500,6,48.485
467.750,7,48.485
468.000,7,48.485
468.250,8,48.485
468.500,8,48.485
468.750,7,48.485
469.000,8,48.485
469.250,7,48.485
469.500,7,48.485
469.750,7,48.485
470.000,5,48.485
470.250,4,48.485
470.500,4,48.485
470.750,3,48.485
471.000,3,48.485
471.250,4,48.485
471.500,4,48.485
471.750,4,48.485
472.000,4,48.485
472.250,5,48.485
472.500,5,48.485
472.750,4,48.485
473.000,5,48.485
473.250,4,48.485
473.500,4,48.485
473.750,4,48.485
474.000,5,48.485
474.250,5,48.485
474.500,6,48.485
474.750,6,48.485
475.000,8,48.485
475.250,8,48.485
475.500,7,48.485
475.750,7,48.485
476.000,7,48.485
476.250,8,48.485
476.500,8,48.485
476.750,7,48.485
477.000,6,48.485
477.250,6,48.485
477.500,6,48.485
477.750,6,48.485
478.000,6,48.485
478.250,6,48.485
478.500,5,48.485
478.750,5,48.485
479.000,6,48.485
479.250,8,48.485
479.500,9,48.485
479.750,9,48.485
480.000,9,111.515
480.250,10,111.515
480.500,9,111.515
480.750,9,111.515
481.000,9,111.515
481.250,12,111.515
481.500,11,111.515
481.750,11,111.515
482.000,11,111.515
482.250,11,111.515
482.500,11,111.515
482.750,11,111.515
483.000,13,111.515
483.250,10,111.515
483.500,9,111.515
483.750,10,111.515
484.000,11,111.515
484.250,10,111.515
484.500,10,111.515
484.750,8,111.515
485.000,7,111.515
485.250,7,111.515
485.500,7,111.515
485.750,7,111.515
486.000,7,111.515
486.250,6,111.515
486.500,6,111.515
486.750,5,111.515
487.000,6,111.515
487.250,5,111.515
487.500,5,111.515
487.750,6,111.515
488.000,5,111.515
488.250,5,111.515
488.500,5,111.515
488.750,4,111.515
489.000,4,111.515
489.250,4,111.515
489.500,4,111.515
489.750,4,111.515
490.000,5,111.515
490.250,5,111.515
490.500,5,111.515
490.750,5,111.515
491.000,5,111.515
491.250,5,111.515
491.500,4,111.515
491.750,3,111.515
492.000,3,111.515
492.250,1,111.515
492.500,2,111.515
492.750,1,111.515
493.000,1,111.515
493.250,1,111.515
493.500,1,111.515
493.750,3,111.515
494.000,3,111.515
494.250,3,111.515
494.500,3,111.515
494.750,2,111.515
495.000,3,111.515
495.250,1,111.515
495.500,2,111.515
495.750,3,111.515
496.000,3,111.515
496.250,3,111.515
496.500,3,111.515
496.750,3,111.515
497.000,3,111.515
497.250,3,111.515
497.500,2,111.515
497.750,2,111.515
498.000,1,111.515
498.250,1,111.515
498.500,4,111.515
498.750,4,111.515
499.000,5,111.515
499.250,6,111.515
499.500,6,111.515
499.750,6,111.515
500.000,6,111.515
500.250,7,111.515
500.500,7,111.515
500.750,4,111.515
501.000,3,111.515
501.250,3,111.515
501.500,3,111.515
501.750,2,111.515
502.000,1,111.515
502.250,1,111.515
502.500,2,111.515
502.750,1,111.515
503.000,1,111.515
503.250,1,111.515
503.500,0,111.515
503.750,0,111.515
504.000,0,111.515
504.250,0,111.515
504.500,0,111.515
504.750,0,111.515
505.000,0,111.515
505.250,0,111.515
505.500,0,111.515
505.750,1,111.515
506.000,2,111.515
506.250,2,111.515
506.500,2,111.515
506.750,1,111.515
507.000,0,111.515
507.250,1,111.515
507.500,1,111.515
507.750,2,111.515
508.000,1,111.515
508.250,1,111.515
508.500,0,111.515
508.750,1,111.515
509.000,2,111.515
509.250,2,111.515
509.500,1,111.515
509.750,0,111.515
510.000,0,48.485
510.250,0,48.485
510.500,0,48.485
510.750,0,48.485
511.000,0,48.485
511.250,1,48.485
511.500,1,48.485
511.750,2,48.485
512.000,4,48.485
512.250,4,48.485
512.500,5,48.485
512.750,5,48.485
513.000,4,48.485
513.250,5,48.485
513.500,5,48.485
513.750,5,48.485
514.000,4,48.485
514.250,4,48.485
514.500,4,48.485
514.750,4,48.485
515.000,4,48.485
515.250,4,48.485
515.500,4,48.485
515.750,5,48.485
516.000,6,48.485
516.250,7,48.485
516.500,7,48.485
516.750,7,48.485
517.000,7,48.485
517.250,7,48.485
517.500,6,48.485
517.750,6,48.485
518.000,6,48.485
518.250,6,48.485
518.500,6,48.485
518.750,6,48.485
519.000,10,48.485
519.250,10,48.485
519.500,11,48.485
519.750,11,48.485
520.000,11,48.485
520.250,11,48.485
520.500,11,48.485
520.750,11,48.485
521.000,9,48.485
521.250,10,48.485
521.500,10,48.485
521.750,10,48.485
522.000,10,48.485
522.250,10,48.485
522.500,10,48.485
522.750,10,48.485
523.000,10,48.485
523.250,10,48.485
523.500,10,48.485
523.750,9,48.485
524.000,9,48.485
524.250,8,48.485
524.500,7,48.485
524.750,7,48.485
525.000,7,48.485
525.250,7,48.485
525.500,7,48.485
525.750,6,48.485
526.000,6,48.485
526.250,6,48.485
526.500,6,48.485
526.750,6,48.485
527.000,6,48.485
527.250,5,48.485
527.500,5,48.485
527.750,5,48.485
528.000,4,48.485
528.250,4,48.485
528.500,4,48.485
528.750,4,48.485
529.000,4,48.485
529.250,4,48.485
529.500,3,48.485
529.750,1,48.485
530.000,1,48.485
530.250,2,48.485
530.500,3,48.485
530.750,3,48.485
531.000,2,48.485
531.250,2,48.485
531.500,1,48.485
531.750,1,48.485
532.000,1,48.485
532.250,1,48.485
532.500,1,48.485
532.750,2,48.485
533.000,1,48.485
533.250,1,48.485
533.500,1,48.485
533.750,3,48.485
534.000,3,48.485
534.250,3,48.485
534.500,3,48.485
534.750,3,48.485
535.000,2,48.485
535.250,3,48.485
535.500,5,48.485
535.750,6,48.485
536.000,5,48.485
536.250,6,48.485
536.500,6,48.485
536.750,6,48.485
537.000,6,48.485
537.250,6,48.485
537.500,5,48.485
537.750,4,48.485
538.000,4,48.485
538.250,3,48.485
538.500,5,48.485
538.750,5,48.485
539.000,5,48.485
539.250,5,48.485
539.500,5,48.485
539.750,5,48.485
540.000,4,111.515
540.250,2,111.515
540.500,2,111.515
540.750,2,111.515
541.000,3,111.515
541.250,4,111.515
541.500,5,111.515
541.750,5,111.515
542.000,5,111.515
542.250,4,111.515
542.500,4,111.515
542.750,4,111.515
543.000,4,111.515
543.250,4,111.515
543.500,4,111.515
543.750,4,111.515
544.000,4,111.515
544.250,4,111.515
544.500,6,111.515
544.750,4,111.515
545.000,5,111.515
545.250,6,111.515
545.500,4,111.515
545.750,4,111.515
546.000,3,111.515
546.250,2,111.515
546.500,2,111.515
546.750,2,111.515
547.000,2,111.515
547.250,2,111.515
547.500,3,111.515
547.750,4,111.515
548.000,4,111.515
548.250,3,111.515
548.500,3,111.515
548.750,3,111.515
549.000,3,111.515
549.250,3,111.515
549.500,5,111.515
549.750,6,111.515
550.000,6,111.515
550.250,4,111.515
550.500,4,111.515
550.750,4,111.515
551.000,4,111.515
551.250,3,111.515
551.500,3,111.515
551.750,3,111.515
552.000,3,111.515
552.250,7,111.515
552.500,7,111.515
552.750,7,111.515
553.000,7,111.515
553.250,7,111.515
553.500,7,111.515
553.750,6,111.515
554.000,6,111.515
554.250,6,111.515
554.500,5,111.515
554.750,5,111.515
555.000,3,111.515
555.250,3,111.515
555.500,2,111.515
555.750,2,111.515
556.000,2,111.515
556.250,2,111.515
556.500,2,111.515
556.750,1,111.515
557.000,2,111.515
557.250,3,111.515
557.500,4,111.515
557.750,4,111.515
558.000,3,111.515
558.250,3,111.515
558.500,3,111.515
558.750,3,111.515
559.000,3,111.515
559.250,2,111.515
559.500,2,111.515
559.750,2,111.515
560.000,3,111.515
560.250,2,111.515
560.500,3,111.515
560.750,4,111.515
561.000,4,111.515
561.250,4,111.515
561.500,4,111.515
561.750,4,111.515
562.000,5,111.515
562.250,6,111.515
562.500,5,111.515
562.750,5,111.515
563.000,4,111.515
563.250,4,111.515
563.500,3,111.515
563.750,3,111.515
564.000,2,111.515
564.250,2,111.515
564.500,2,111.515
564.750,2,111.515
565.000,2,111.515
565.250,3,111.515
565.500,3,111.515
565.750,3,111.515
566.000,3,111.515
566.250,2,111.515
566.500,2,111.515
566.750,2,111.515
567.000,2,111.515
567.250,1,111.515
567.500,1,111.515
567.750,1,111.515
568.000,3,111.515
568.250,4,111.515
568.500,4,111.515
568.750,5,111.515
569.000,5,111.515
569.250,5,111.515
569.500,4,111.515
569.750,2,111.515
570.000,1,48.485
570.250,1,48.485
570.500,1,48.485
570.750,1,48.485
571.000,2,48.485
571.250,2,48.485
571.500,1,48.485
571.750,0,48.485
572.000,0,48.485
572.250,0,48.485
572.500,0,48.485
572.750,0,48.485
573.000,0,48.485
573.250,1,48.485
573.500,1,48.485
573.750,2,48.485
574.000,3,48.485
574.250,4,48.485
574.500,4,48.485
574.750,4,48.485
575.000,4,48.485
575.250,4,48.485
575.500,4,48.485
575.750,3,48.485
576.000,3,48.485
576.250,3,48.485
576.500,3,48.485
576.750,4,48.485
577.000,5,48.485
577.250,5,48.485
577.500,5,48.485
577.750,5,48.485
578.000,4,48.485
578.250,4,48.485
578.500,3,48.485
578.750,2,48.485
579.000,3,48.485
579.250,2,48.485
579.500,2,48.485
579.750,1,48.485
580.000,1,48.485
580.250,1,48.485
580.500,2,48.485
580.750,1,48.485
581.000,1,48.485
581.250,1,48.485
581.500,2,48.485
581.750,2,48.485
582.000,2,48.485
582.250,3,48.485
582.500,4,48.485
582.750,5,48.485
583.000,6,48.485
583.250,6,48.485
583.500,6,48.485
583.750,6,48.485
584.000,6,48.485
584.250,8,48.485
584.500,9,48.485
584.750,8,48.485
585.000,8,48.485
585.250,8,48.485
585.500,9,48.485
585.750,12,48.485
586.000,12,48.485
586.250,13,48.485
586.500,12,48.485
586.750,13,48.485
587.000,13,48.485
587.250,13,48.485
587.500,12,48.485
587.750,12,48.485
588.000,11,48.485
588.250,11,48.485
588.500,11,48.485
588.750,11,48.485
589.000,11,48.485
589.250,11,48.485
589.500,11,48.485
589.750,10,48.485
590.000,10,48.485
590.250,9,48.485
590.500,8,48.485
590.750,8,48.485
591.000,8,48.485
591.250,9,48.485
591.500,9,48.485
591.750,9,48.485
592.000,9,48.485
592.250,8,48.485
592.500,8,48.485
592.750,8,48.485
593.000,8,48.485
593.250,8,48.485
593.500,8,48.485
593.750,8,48.485
594.000,8,48.485
594.250,8,48.485
594.500,9,48.485
594.750,12,48.485
595.000,12,48.485
595.250,12,48.485
595.500,12,48.485
595.750,12,48.485
596.000,12,48.485
596.250,12,48.485
596.500,11,48.485
596.750,13,48.485
597.000,12,48.485
597.250,13,48.485
597.500,13,48.485
597.750,13,48.485
598.000,14,48.485
598.250,14,48.485
598.500,14,48.485
598.750,14,48.485
599.000,14,48.485
599.250,13,48.485
599.500,13,48.485
599.750,14,48.485
600.000,14,111.515
600.250,12,111.515
600.500,11,111.515
600.750,11,111.515
601.000,9,111.515
601.250,10,111.515
601.500,9,111.515
601.750,9,111.515
602.000,11,111.515
602.250,9,111.515
602.500,9,111.515
602.750,9,111.515
603.000,9,111.515
603.250,8,111.515
603.500,9,111.515
603.750,9,111.515
604.000,9,111.515
604.250,10,111.515
604.500,10,111.515
604.750,10,111.515
605.000,10,111.515
605.250,10,111.515
605.500,10,111.515
605.750,11,111.515
606.000,12,111.515
606.250,14,111.515
606.500,13,111.515
606.750,13,111.515
607.000,13,111.515
607.250,13,111.515
607.500,11,111.515
607.750,11,111.515
608.000,12,111.515
608.250,11,111.515
608.500,11,111.515
608.750,11,111.515
609.000,12,111.515
609.250,13,111.515
609.500,13,111.515
609.750,11,111.515
610.000,11,111.515
610.250,11,111.515
610.500,11,111.515
610.750,11,111.515
611.000,10,111.515
611.250,9,111.515
611.500,9,111.515
611.750,9,111.515
612.000,9,111.515
612.250,8,111.515
612.500,8,111.515
612.750,7,111.515
613.000,7,111.515
613.250,6,111.515
613.500,6,111.515
613.750,6,111.515
614.000,6,111.515
614.250,6,111.515
614.500,6,111.515
614.750,6,111.515
615.000,6,111.515
615.250,6,111.515
615.500,7,111.515
615.750,7,111.515
616.000,7,111.515
616.250,7,111.515
616.500,7,111.515
616.750,7,111.515
617.000,7,111.515
617.250,7,111.515
617.500,7,111.515
617.750,6,111.515
618.000,6,111.515
618.250,6,111.515
618.500,5,111.515
618.750,5,111.515
619.000,5,111.515
619.250,6,111.515
619.500,6,111.515
619.750,7,111.515
620.000,7,111.515
620.250,7,111.515
620.500,6,111.515
620.750,6,111.515
621.000,7,111.515
621.250,6,111.515
621.500,6,111.515
621.750,6,111.515
622.000,6,111.515
622.250,7,111.515
622.500,6,111.515
622.750,6,111.515
623.000,5,111.515
623.250,3,111.515
623.500,2,111.515
623.750,2,111.515
624.000,3,111.515
624.250,3,111.515
624.500,5,111.515
624.750,5,111.515
625.000,5,111.515
625.250,5,111.515
625.500,4,111.515
625.750,4,111.515
626.000,3,111.515
626.250,2,111.515
626.500,2,111.515
626.750,2,111.515
627.000,2,111.515
627.250,3,111.515
627.500,3,111.515
627.750,3,111.515
628.000,4,111.515
628.250,3,111.515
628.500,2,111.515
628.750,2,111.515
629.000,0,111.515
629.250,0,111.515
629.500,0,111.515
629.750,0,111.515
630.000,1,48.485
630.250,2,48.485
630.500,1,48.485
630.750,1,48.485
631.000,1,48.485
631.250,1,48.485
631.500,1,48.485
631.750,2,48.485
632.000,2,48.485
632.250,3,48.485
632.500,4,48.485
632.750,3,48.485
633.000,3,48.485
633.250,3,48.485
633.500,4,48.485
633.750,3,48.485
634.000,3,48.485
634.250,3,48.485
634.500,3,48.485
634.750,3,48.485
635.000,2,48.485
635.250,2,48.485
635.500,2,48.485
635.750,4,48.485
636.000,4,48.485
636.250,3,48.485
636.500,4,48.485
636.750,4,48.485
637.000,3,48.485
637.250,5,48.485
637.500,4,48.485
637.750,5,48.485
638.000,6,48.485
638.250,7,48.485
638.500,7,48.485
638.750,8,48.485
639.000,8,48.485
639.250,8,48.485
639.500,8,48.485
639.750,10,48.485
640.000,11,48.485
640.250,11,48.485
640.500,11,48.485
640.750,10,48.485
641.000,12,48.485
641.250,13,48.485
641.500,14,48.485
641.750,14,48.485
642.000,14,48.485
642.250,14,48.485
642.500,14,48.485
642.750,15,48.485
643.000,15,48.485
643.250,17,48.485
643.500,18,48.485
643.750,19,48.485
644.000,19,48.485
644.250,19,48.485
644.500,20,48.485
644.750,20,48.485
645.000,20,48.485
645.250,23,48.485
645.500,22,48.485
645.750,22,48.485
646.000,22,48.485
646.250,23,48.485
646.500,24,48.485
646.750,25,48.485
647.000,26,48.485
647.250,26,48.485
647.500,26,48.485
647.750,26,48.485
648.000,26,48.485
648.250,25,48.485
648.500,24,48.485
648.750,24,48.485
649.000,24,48.485
649.250,24,48.485
649.500,25,48.485
649.750,26,48.485
650.000,26,48.485
650.250,27,48.485
650.500,28,48.485
650.750,28,48.485
651.000,29,48.485
651.250,29,48.485
651.500,29,48.485
651.750,29,48.485
652.000,28,48.485
652.250,28,48.485
652.500,29,48.485
652.750,29,48.485
653.000,29,48.485
653.250,29,48.485
653.500,29,48.485
653.750,28,48.485
654.000,28,48.485
654.250,28,48.485
654.500,27,48.485
654.750,27,48.485
655.000,27,48.485
655.250,27,48.485
655.500,27,48.485
655.750,27,48.485
656.000,27,48.485
656.250,26,48.485
656.500,26,48.485
656.750,27,48.485
657.000,28,48.485
657.250,27,48.485
657.500,27,48.485
657.750,27,48.485
658.000,26,48.485
658.250,28,48.485
658.500,28,48.485
658.750,28,48.485
659.000,28,48.485
659.250,28,48.485
659.500,28,48.485
659.750,28,48.485
660.000,29,111.515
660.250,28,111.515
660.500,29,111.515
660.750,27,111.515
661.000,27,111.515
661.250,27,111.515
661.500,26,111.515
661.750,27,111.515
662.000,27,111.515
662.250,27,111.515
662.500,27,111.515
662.750,27,111.515
663.000,27,111.515
663.250,27,111.515
663.500,27,111.515
663.750,27,111.515
664.000,27,111.515
664.250,29,111.515
664.500,28,111.515
664.750,27,111.515
665.000,25,111.515
665.250,25,111.515
665.500,22,111.515
665.750,23,111.515
666.000,22,111.515
666.250,22,111.515
666.500,22,111.515
666.750,22,111.515
667.000,21,111.515
667.250,21,111.515
667.500,23,111.515
667.750,22,111.515
668.000,22,111.515
668.250,23,111.515
668.500,23,111.515
668.750,23,111.515
669.000,23,111.515
669.250,23,111.515
669.500,24,111.515
669.750,24,111.515
670.000,25,111.515
670.250,25,111.515
670.500,25,111.515
670.750,25,111.515
671.000,23,111.515
671.250,23,111.515
671.500,21,111.515
671.750,21,111.515
672.000,23,111.515
672.250,23,111.515
672.500,24,111.515
672.750,24,111.515
673.000,24,111.515
673.250,24,111.515
673.500,24,111.515
673.750,25,111.515
674.000,25,111.515
674.250,23,111.515
674.500,21,111.515
674.750,21,111.515
675.000,21,111.515
675.250,20,111.515
675.500,20,111.515
675.750,20,111.515
676.000,19,111.515
676.250,19,111.515
676.500,20,111.515
676.750,18,111.515
677.000,18,111.515
677.250,18,111.515
677.500,17,111.515
677.750,17,111.515
678.000,16,111.515
678.250,16,111.515
678.500,17,111.515
678.750,17,111.515
679.000,17,111.515
679.250,17,111.515
679.500,17,111.515
679.750,17,111.515
680.000,14,111.515
680.250,14,111.515
680.500,14,111.515
680.750,14,111.515
681.000,13,111.515
681.250,14,111.515
681.500,14,111.515
681.750,16,111.515
682.000,16,111.515
682.250,15,111.515
682.500,15,111.515
682.750,15,111.515
683.000,15,111.515
683.250,15,111.515
683.500,15,111.515
683.750,16,111.515
684.000,15,111.515
684.250,15,111.515
684.500,14,111.515
684.750,11,111.515
685.000,11,111.515
685.250,10,111.515
685.500,9,111.515
685.750,9,111.515
686.000,10,111.515
686.250,10,111.515
686.500,11,111.515
686.750,11,111.515
687.000,9,111.515
687.250,8,111.515
687.500,7,111.515
687.750,6,111.515
688.000,8,111.515
688.250,8,111.515
688.500,7,111.515
688.750,7,111.515
689.000,5,111.515
689.250,6,111.515
689.500,6,111.515
689.750,7,111.515
690.000,6,48.485
690.250,5,48.485
690.500,5,48.485
690.750,5,48.485
691.000,6,48.485
691.250,5,48.485
691.500,5,48.485
691.750,4,48.485
692.000,3,48.485
692.250,3,48.485
692.500,4,48.485
692.750,5,48.485
693.000,5,48.485
693.250,4,48.485
693.500,4,48.485
693.750,5,48.485
694.000,6,48.485
694.250,8,48.485
694.500,8,48.485
694.750,7,48.485
695.000,6,48.485
695.250,7,48.485
695.500,7,48.485
695.750,7,48.485
696.000,7,48.485
696.250,7,48.485
696.500,6,48.485
696.750,5,48.485
697.000,7,48.485
697.250,6,48.485
697.500,7,48.485
697.750,7,48.485
698.000,7,48.485
698.250,7,48.485
698.500,7,48.485
698.750,9,48.485
699.000,9,48.485
699.250,9,48.485
699.500,8,48.485
699.750,8,48.485
700.000,9,48.485
700.250,10,48.485
700.500,10,48.485
700.750,11,48.485
701.000,11,48.485
701.250,10,48.485
701.500,11,48.485
701.750,11,48.485
702.000,11,48.485
702.250,12,48.485
702.500,13,48.485
702.750,14,48.485
703.000,14,48.485
703.250,14,48.485
703.500,15,48.485
703.750,16,48.485
704.000,15,48.485
704.250,14,48.485
704.500,13,48.485
704.750,14,48.485
705.000,15,48.485
705.250,15,48.485
705.500,17,48.485
705.750,17,48.485
706.000,17,48.485
706.250,18,48.485
706.500,18,48.485
706.750,18,48.485
707.000,18,48.485
707.250,17,48.485
707.500,17,48.485
707.750,16,48.485
708.000,17,48.485
708.250,17,48.485
708.500,17,48.485
708.750,17,48.485
709.000,16,48.485
709.250,17,48.485
709.500,18,48.485
709.750,19,48.485
710.000,19,48.485
710.250,21,48.485
710.500,20,48.485
710.750,18,48.485
711.000,18,48.485
711.250,19,48.485
711.500,19,48.485
711.750,20,48.485
712.000,21,48.485
712.250,21,48.485
712.500,20,48.485
712.750,22,48.485
713.000,21,48.485
713.250,21,48.485
713.500,21,48.485
713.750,20,48.485
714.000,20,48.485
714.250,20,48.485
714.500,20,48.485
714.750,21,48.485
715.000,21,48.485
715.250,23,48.485
715.500,23,48.485
715.750,24,48.485
716.000,24,48.485
716.250,25,48.485
716.500,25,48.485
716.750,25,48.485
717.000,24,48.485
717.250,24,48.485
717.500,24,48.485
717.750,23,48.485
718.000,23,48.485
718.250,23,48.485
718.500,25,48.485
718.750,25,48.485
719.000,25,48.485
719.250,24,48.485
719.500,23,48.485
719.750,23,48.485
720.000,24,111.515
720.250,23,111.515
720.500,21,111.515
720.750,21,111.515
721.000,20,111.515
721.250,20,111.515
721.500,19,111.515
721.750,19,111.515
722.000,19,111.515
722.250,19,111.515
722.500,17,111.515
722.750,16,111.515
723.000,15,111.515
723.250,15,111.515
723.500,15,111.515
723.750,14,111.515
724.000,13,111.515
724.250,12,111.515
724.500,11,111.515
724.750,9,111.515
725.000,10,111.515
725.250,10,111.515
725.500,9,111.515
725.750,9,111.515
726.000,9,111.515
726.250,9,111.515
726.500,10,111.515
726.750,10,111.515
727.000,10,111.515
727.250,10,111.515
727.500,10,111.515
727.750,9,111.515
728.000,9,111.515
728.250,9,111.515
728.500,9,111.515
728.750,9,111.515
729.000,9,111.515
729.250,9,111.515
729.500,10,111.515
729.750,10,111.515
730.000,11,111.515
730.250,10,111.515
730.500,9,111.515
730.750,9,111.515
731.000,9,111.515
731.250,8,111.515
731.500,8,111.515
731.750,8,111.515
732.000,7,111.515
732.250,8,111.515
732.500,8,111.515
732.750,7,111.515
733.000,7,111.515
733.250,7,111.515
733.500,6,111.515
733.750,6,111.515
734.000,6,111.515
734.250,6,111.515
734.500,6,111.515
734.750,6,111.515
735.000,5,111.515
735.250,5,111.515
735.500,6,111.515
735.750,5,111.515
736.000,5,111.515
736.250,4,111.515
736.500,3,111.515
736.750,3,111.515
737.000,3,111.515
737.250,3,111.515
737.500,3,111.515
737.750,4,111.515
738.000,4,111.515
738.250,3,111.515
738.500,2,111.515
738.750,2,111.515
739.000,3,111.515
739.250,3,111.515
739.500,3,111.515
739.750,2,111.515
740.000,2,111.515
740.250,2,111.515
740.500,2,111.515
740.750,3,111.515
741.000,2,111.515
741.250,2,111.515
741.500,2,111.515
741.750,2,111.515
742.000,3,111.515
742.250,4,111.515
742.500,4,111.515
742.750,5,111.515
743.000,5,111.515
743.250,3,111.515
743.500,2,111.515
743.750,2,111.515
744.000,2,111.515
744.250,2,111.515
744.500,3,111.515
744.750,3,111.515
745.000,4,111.515
745.250,4,111.515
745.500,4,111.515
745.750,5,111.515
746.000,6,111.515
746.250,6,111.515
746.500,5,111.515
746.750,4,111.515
747.000,4,111.515
747.250,3,111.515
747.500,3,111.515
747.750,3,111.515
748.000,4,111.515
748.250,3,111.515
748.500,2,111.515
748.750,2,111.515
749.000,3,111.515
749.250,3,111.515
749.500,3,111.515
749.750,3,111.515
750.000,2,48.485
750.250,1,48.485
750.500,1,48.485
750.750,2,48.485
751.000,2,48.485
751.250,2,48.485
751.500,2,48.485
751.750,1,48.485
752.000,3,48.485
752.250,3,48.485
752.500,4,48.485
752.750,4,48.485
753.000,3,48.485
753.250,4,48.485
753.500,4,48.485
753.750,4,48.485
754.000,4,48.485
754.250,4,48.485
754.500,4,48.485
754.750,4,48.485
755.000,4,48.485
755.250,4,48.485
755.500,4,48.485
755.750,5,48.485
756.000,5,48.485
756.250,5,48.485
756.500,6,48.485
756.750,6,48.485
757.000,6,48.485
757.250,6,48.485
757.500,6,48.485
757.750,6,48.485
758.000,8,48.485
758.250,8,48.485
758.500,8,48.485
758.750,6,48.485
759.000,6,48.485
759.250,6,48.485
759.500,5,48.485
759.750,5,48.485
760.000,5,48.485
760.250,4,48.485
760.500,4,48.485
760.750,3,48.485
761.000,2,48.485
761.250,2,48.485
761.500,2,48.485
761.750,3,48.485
762.000,2,48.485
762.250,2,48.485
762.500,2,48.485
762.750,2,48.485
763.000,2,48.485
763.250,2,48.485
763.500,2,48.485
763.750,1,48.485
764.000,2,48.485
764.250,3,48.485
764.500,2,48.485
764.750,2,48.485
765.000,2,48.485
765.250,2,48.485
765.500,2,48.485
765.750,2,48.485
766.000,2,48.485
766.250,2,48.485
766.500,1,48.485
766.750,1,48.485
767.000,0,48.485
767.250,0,48.485
767.500,0,48.485
767.750,1,48.485
768.000,1,48.485
768.250,2,48.485
768.500,2,48.485
768.750,3,48.485
769.000,2,48.485
769.250,2,48.485
769.500,2,48.485
769.750,3,48.485
770.000,3,48.485
770.250,5,48.485
770.500,5,48.485
770.750,5,48.485
771.000,5,48.485
771.250,7,48.485
771.500,7,48.485
771.750,6,48.485
772.000,3,48.485
772.250,2,48.485
772.500,2,48.485
772.750,3,48.485
773.000,3,48.485
773.250,3,48.485
773.500,4,48.485
773.750,4,48.485
774.000,3,48.485
774.250,3,48.485
774.500,3,48.485
774.750,3,48.485
775.000,2,48.485
775.250,1,48.485
775.500,1,48.485
775.750,0,48.485
776.000,0,48.485
776.250,0,48.485
776.500,0,48.485
776.750,1,48.485
777.000,1,48.485
777.250,2,48.485
777.500,2,48.485
777.750,2,48.485
778.000,2,48.485
778.250,2,48.485
778.500,6,48.485
778.750,6,48.485
779.000,6,48.485
779.250,7,48.485
779.500,7,48.485
779.750,8,48.485
780.000,8,111.515
780.250,9,111.515
780.500,8,111.515
780.750,6,111.515
781.000,5,111.515
781.250,4,111.515
781.500,4,111.515
781.750,3,111.515
782.000,3,111.515
782.250,4,111.515
782.500,4,111.515
782.750,3,111.515
783.000,6,111.515
783.250,8,111.515
783.500,8,111.515
783.750,10,111.515
784.000,10,111.515
784.250,10,111.515
784.500,11,111.515
784.750,11,111.515
785.000,10,111.515
785.250,12,111.515
785.500,12,111.515
785.750,9,111.515
786.000,10,111.515
786.250,10,111.515
786.500,11,111.515
786.750,12,111.515
787.000,12,111.515
787.250,12,111.515
787.500,12,111.515
787.750,12,111.515
788.000,12,111.515
788.250,11,111.515
788.500,11,111.515
788.750,12,111.515
789.000,14,111.515
789.250,14,111.515
789.500,14,111.515
789.750,15,111.515
790.000,15,111.515
790.250,13,111.515
790.500,13,111.515
790.750,13,111.515
791.000,13,111.515
791.250,13,111.515
791.500,12,111.515
791.750,12,111.515
792.000,12,111.515
792.250,12,111.515
792.500,13,111.515
792.750,13,111.515
793.000,15,111.515
793.250,15,111.515
793.500,15,111.515
793.750,16,111.515
794.000,16,111.515
794.250,16,111.515
794.500,17,111.515
794.750,18,111.515
795.000,18,111.515
795.250,18,111.515
795.500,17,111.515
795.750,17,111.515
796.000,17,111.515
796.250,17,111.515
796.500,17,111.515
796.750,17,111.515
797.000,17,111.515
797.250,17,111.515
797.500,17,111.515
797.750,17,111.515
798.000,16,111.515
798.250,16,111.515
798.500,15,111.515
798.750,15,111.515
799.000,15,111.515
799.250,15,111.515
799.500,14,111.515
799.750,14,111.515
800.000,14,111.515
800.250,13,111.515
800.500,13,111.515
800.750,13,111.515
801.000,14,111.515
801.250,14,111.515
801.500,15,111.515
801.750,15,111.515
802.000,16,111.515
802.250,18,111.515
802.500,18,111.515
802.750,18,111.515
803.000,18,111.515
803.250,19,111.515
803.500,18,111.515
803.750,18,111.515
804.000,19,111.515
804.250,17,111.515
804.500,17,111.515
804.750,17,111.515
805.000,17,111.515
805.250,17,111.515
805.500,15,111.515
805.750,13,111.515
806.000,15,111.515
806.250,15,111.515
806.500,15,111.515
806.750,15,111.515
807.000,16,111.515
807.250,16,111.515
807.500,16,111.515
807.750,16,111.515
808.000,14,111.515
808.250,15,111.515
808.500,15,111.515
808.750,15,111.515
809.000,15,111.515
809.250,13,111.515
809.500,13,111.515
809.750,13,111.515
810.000,14,48.485
810.250,16,48.485
810.500,16,48.485
810.750,16,48.485
811.000,16,48.485
811.250,16,48.485
811.500,16,48.485
811.750,17,48.485
812.000,17,48.485
812.250,17,48.485
812.500,15,48.485
812.750,15,48.485
813.000,16,48.485
813.250,16,48.485
813.500,16,48.485
813.750,16,48.485
814.000,17,48.485
814.250,17,48.485
814.500,16,48.485
814.750,16,48.485
815.000,16,48.485
815.250,16,48.485
815.500,14,48.485
815.750,14,48.485
816.000,14,48.485
816.250,15,48.485
816.500,15,48.485
816.750,16,48.485
817.000,16,48.485
817.250,15,48.485
817.500,15,48.485
817.750,15,48.485
818.000,14,48.485
818.250,14,48.485
818.500,16,48.485
818.750,17,48.485
819.000,17,48.485
819.250,17,48.485
819.500,17,48.485
819.750,17,48.485
820.000,17,48.485
820.250,17,48.485
820.500,17,48.485
820.750,17,48.485
821.000,18,48.485
821.250,18,48.485
821.500,18,48.485
821.750,18,48.485
822.000,18,48.485
822.250,17,48.485
822.500,17,48.485
822.750,17,48.485
823.000,17,48.485
823.250,18,48.485
823.500,19,48.485
823.750,19,48.485
824.000,20,48.485
824.250,20,48.485
824.500,21,48.485
824.750,21,48.485
825.000,21,48.485
825.250,20,48.485
825.500,21,48.485
825.750,21,48.485
826.000,21,48.485
826.250,22,48.485
826.500,23,48.485
826.750,23,48.485
827.000,23,48.485
827.250,23,48.485
827.500,23,48.485
827.750,23,48.485
828.000,22,48.485
828.250,22,48.485
828.500,22,48.485
828.750,22,48.485
829.000,22,48.485
829.250,22,48.485
829.500,22,48.485
829.750,24,48.485
830.000,24,48.485
830.250,23,48.485
830.500,23,48.485
830.750,23,48.485
831.000,22,48.485
831.250,22,48.485
831.500,25,48.485
831.750,26,48.485
832.000,26,48.485
832.250,26,48.485
832.500,26,48.485
832.750,27,48.485
833.000,27,48.485
833.250,27,48.485
833.500,27,48.485
833.750,27,48.485
834.000,27,48.485
834.250,26,48.485
834.500,26,48.485
834.750,25,48.485
835.000,25,48.485
835.250,25,48.485
835.500,24,48.485
835.750,24,48.485
836.000,25,48.485
836.250,26,48.485
836.500,26,48.485
836.750,25,48.485
837.000,24,48.485
837.250,24,48.485
837.500,23,48.485
837.750,24,48.485
838.000,23,48.485
838.250,25,48.485
838.500,25,48.485
838.750,25,48.485
839.000,25,48.485
839.250,24,48.485
839.500,24,48.485
839.750,23,48.485
840.000,24,111.515
840.250,22,111.515
840.500,20,111.515
840.750,21,111.515
841.000,21,111.515
841.250,19,111.515
841.500,17,111.515
841.750,18,111.515
842.000,18,111.515
842.250,17,111.515
842.500,18,111.515
842.750,17,111.515
843.000,17,111.515
843.250,16,111.515
843.500,16,111.515
843.750,14,111.515
844.000,14,111.515
844.250,13,111.515
844.500,12,111.515
844.750,12,111.515
845.000,12,111.515
845.250,13,111.515
845.500,13,111.515
845.750,13,111.515
846.000,13,111.515
846.250,12,111.515
846.500,12,111.515
846.750,12,111.515
847.000,12,111.515
847.250,13,111.515
847.500,12,111.515
847.750,12,111.515
848.000,10,111.515
848.250,8,111.515
848.500,8,111.515
848.750,8,111.515
849.000,8,111.515
849.250,7,111.515
849.500,8,111.515
849.750,8,111.515
850.000,8,111.515
850.250,8,111.515
850.500,8,111.515
850.750,8,111.515
851.000,9,111.515
851.250,7,111.515
851.500,8,111.515
851.750,9,111.515
852.000,9,111.515
852.250,9,111.515
852.500,9,111.515
852.750,11,111.515
853.000,11,111.515
853.250,10,111.515
853.500,9,111.515
853.750,7,111.515
854.000,7,111.515
854.250,7,111.515
854.500,8,111.515
854.750,10,111.515
855.000,9,111.515
855.250,8,111.515
855.500,8,111.515
855.750,8,111.515
856.000,7,111.515
856.250,7,111.515
856.500,5,111.515
856.750,6,111.515
857.000,7,111.515
857.250,10,111.515
857.500,10,111.515
857.750,9,111.515
858.000,9,111.515
858.250,9,111.515
858.500,9,111.515
858.750,9,111.515
859.000,9,111.515
859.250,9,111.515
859.500,9,111.515
859.750,10,111.515
860.000,8,111.515
860.250,7,111.515
860.500,7,111.515
860.750,9,111.515
861.000,9,111.515
861.250,9,111.515
861.500,9,111.515
861.750,10,111.515
862.000,10,111.515
862.250,9,111.515
862.500,9,111.515
862.750,9,111.515
863.000,9,111.515
863.250,9,111.515
863.500,7,111.515
863.750,7,111.515
864.000,6,111.515
864.250,7,111.515
864.500,6,111.515
864.750,6,111.515
865.000,6,111.515
865.250,5,111.515
865.500,5,111.515
865.750,5,111.515
866.000,6,111.515
866.250,6,111.515
866.500,6,111.515
866.750,6,111.515
867.000,6,111.515
867.250,6,111.515
867.500,7,111.515
867.750,7,111.515
868.000,7,111.515
868.250,7,111.515
868.500,7,111.515
868.750,6,111.515
869.000,5,111.515
869.250,5,111.515
869.500,4,111.515
869.750,3,111.515
870.000,3,48.485
870.250,3,48.485
870.500,3,48.485
870.750,1,48.485
871.000,1,48.485
871.250,1,48.485
871.500,2,48.485
871.750,5,48.485
872.000,5,48.485
872.250,5,48.485
872.500,5,48.485
872.750,5,48.485
873.000,5,48.485
873.250,6,48.485
873.500,6,48.485
873.750,6,48.485
874.000,6,48.485
874.250,6,48.485
874.500,7,48.485
874.750,7,48.485
875.000,7,48.485
875.250,8,48.485
875.500,8,48.485
875.750,8,48.485
876.000,8,48.485
876.250,8,48.485
876.500,8,48.485
876.750,8,48.485
877.000,8,48.485
877.250,7,48.485
877.500,10,48.485
877.750,10,48.485
878.000,8,48.485
878.250,8,48.485
878.500,9,48.485
878.750,10,48.485
879.000,11,48.485
879.250,11,48.485
879.500,12,48.485
879.750,13,48.485
880.000,14,48.485
880.250,14,48.485
880.500,14,48.485
880.750,14,48.485
881.000,15,48.485
881.250,16,48.485
881.500,16,48.485
881.750,16,48.485
882.000,16,48.485
882.250,16,48.485
882.500,16,48.485
882.750,16,48.485
883.000,16,48.485
883.250,16,48.485
883.500,16,48.485
883.750,15,48.485
884.000,16,48.485
884.250,16,48.485
884.500,16,48.485
884.750,16,48.485
885.000,16,48.485
885.250,16,48.485
885.500,16,48.485
885.750,16,48.485
886.000,17,48.485
886.250,15,48.485
886.500,16,48.485
886.750,16,48.485
887.000,17,48.485
887.250,15,48.485
887.500,16,48.485
887.750,16,48.485
888.000,16,48.485
888.250,16,48.485
888.500,17,48.485
888.750,18,48.485
889.000,18,48.485
889.250,18,48.485
889.500,18,48.485
889.750,19,48.485
890.000,19,48.485
890.250,19,48.485
890.500,20,48.485
890.750,20,48.485
891.000,19,48.485
891.250,19,48.485
891.500,19,48.485
891.750,19,48.485
892.000,21,48.485
892.250,21,48.485
892.500,21,48.485
892.750,20,48.485
893.000,20,48.485
893.250,20,48.485
893.500,22,48.485
893.750,22,48.485
894.000,22,48.485
894.250,20,48.485
894.500,20,48.485
894.750,21,48.485
895.000,21,48.485
895.250,18,48.485
895.500,18,48.485
895.750,18,48.485
896.000,18,48.485
896.250,18,48.485
896.500,18,48.485
896.750,18,48.485
897.000,18,48.485
897.250,17,48.485
897.500,19,48.485
897.750,19,48.485
898.000,20,48.485
898.250,20,48.485
898.500,20,48.485
898.750,20,48.485
899.000,20,48.485
899.250,19,48.485
899.500,19,48.485
899.750,21,48.485
